global_round, entropy_ratio, recall, specificity       , average_accuracy   , TP, FP, TN , FN
           1,          0.1 ,    0.0, 1.0               , 0.5                ,  0,  0, 610, 10
           1,          0.15,    0.0, 1.0               , 0.5                ,  0,  0, 610, 10
           1,          0.2 ,    0.0, 1.0               , 0.5                ,  0,  0, 610, 10
           1,          0.25,    0.0, 1.0               , 0.5                ,  0,  0, 610, 10
           1,          0.3 ,    0.0, 1.0               , 0.5                ,  0,  0, 610, 10
           1,          0.35,    0.0, 1.0               , 0.5                ,  0,  0, 610, 10
           1,          0.4 ,    0.0, 1.0               , 0.5                ,  0,  0, 610, 10
           1,          0.45,    0.0, 1.0               , 0.5                ,  0,  0, 610, 10
           1,          0.5 ,    0.0, 1.0               , 0.5                ,  0,  0, 610, 10
           1,          0.55,    0.0, 1.0               , 0.5                ,  0,  0, 610, 10
           1,          0.6 ,    0.0, 1.0               , 0.5                ,  0,  0, 610, 10
           1,          0.65,    0.0, 1.0               , 0.5                ,  0,  0, 610, 10
           1,          0.7 ,    0.0, 1.0               , 0.5                ,  0,  0, 610, 10
           1,          0.75,    0.0, 0.9983606557377049, 0.49918032786885247,  0,  1, 609, 10
           1,          0.8 ,    0.0, 1.0               , 0.5                ,  0,  0, 610, 10
           1,          0.85,    0.0, 0.9983606557377049, 0.49918032786885247,  0,  1, 609, 10
           1,          0.9 ,    0.0, 0.9983606557377049, 0.49918032786885247,  0,  1, 609, 10
           1,          0.95,    0.0, 0.9983606557377049, 0.49918032786885247,  0,  1, 609, 10
           1,          1.0 ,    0.0, 1.0               , 0.5                ,  0,  0, 610, 10
           2,          0.1 ,    0.1, 1.0               , 0.55               ,  1,  0, 610,  9
           2,          0.15,    0.2, 1.0               , 0.6                ,  2,  0, 610,  8
           2,          0.2 ,    0.2, 1.0               , 0.6                ,  2,  0, 610,  8
           2,          0.25,    0.4, 1.0               , 0.7                ,  4,  0, 610,  6
           2,          0.3 ,    0.4, 1.0               , 0.7                ,  4,  0, 610,  6
           2,          0.35,    0.4, 0.9983606557377049, 0.6991803278688524 ,  4,  1, 609,  6
           2,          0.4 ,    0.5, 0.9983606557377049, 0.7491803278688525 ,  5,  1, 609,  5
           2,          0.45,    0.4, 0.9983606557377049, 0.6991803278688524 ,  4,  1, 609,  6
           2,          0.5 ,    0.3, 0.9983606557377049, 0.6491803278688525 ,  3,  1, 609,  7
           2,          0.55,    0.3, 0.9983606557377049, 0.6491803278688525 ,  3,  1, 609,  7
           2,          0.6 ,    0.5, 0.9983606557377049, 0.7491803278688525 ,  5,  1, 609,  5
           2,          0.65,    0.5, 0.9983606557377049, 0.7491803278688525 ,  5,  1, 609,  5
           2,          0.7 ,    0.5, 0.9983606557377049, 0.7491803278688525 ,  5,  1, 609,  5
           2,          0.75,    0.6, 1.0               , 0.8                ,  6,  0, 610,  4
           2,          0.8 ,    0.7, 1.0               , 0.85               ,  7,  0, 610,  3
           2,          0.85,    0.6, 0.9983606557377049, 0.7991803278688525 ,  6,  1, 609,  4
           2,          0.9 ,    0.7, 1.0               , 0.85               ,  7,  0, 610,  3
           2,          0.95,    0.8, 0.9983606557377049, 0.8991803278688525 ,  8,  1, 609,  2
           2,          1.0 ,    0.7, 1.0               , 0.85               ,  7,  0, 610,  3
           3,          0.1 ,    0.6, 1.0               , 0.8                ,  6,  0, 610,  4
           3,          0.15,    0.7, 1.0               , 0.85               ,  7,  0, 610,  3
           3,          0.2 ,    0.4, 1.0               , 0.7                ,  4,  0, 610,  6
           3,          0.25,    0.8, 1.0               , 0.9                ,  8,  0, 610,  2
           3,          0.3 ,    0.9, 1.0               , 0.95               ,  9,  0, 610,  1
           3,          0.35,    0.9, 1.0               , 0.95               ,  9,  0, 610,  1
           3,          0.4 ,    0.8, 1.0               , 0.9                ,  8,  0, 610,  2
           3,          0.45,    0.9, 1.0               , 0.95               ,  9,  0, 610,  1
           3,          0.5 ,    0.8, 1.0               , 0.9                ,  8,  0, 610,  2
           3,          0.55,    0.8, 1.0               , 0.9                ,  8,  0, 610,  2
           3,          0.6 ,    0.8, 1.0               , 0.9                ,  8,  0, 610,  2
           3,          0.65,    0.9, 1.0               , 0.95               ,  9,  0, 610,  1
           3,          0.7 ,    1.0, 1.0               , 1.0                , 10,  0, 610,  0
           3,          0.75,    1.0, 1.0               , 1.0                , 10,  0, 610,  0
           3,          0.8 ,    1.0, 1.0               , 1.0                , 10,  0, 610,  0
           3,          0.85,    1.0, 1.0               , 1.0                , 10,  0, 610,  0
           3,          0.9 ,    1.0, 1.0               , 1.0                , 10,  0, 610,  0
           3,          0.95,    1.0, 1.0               , 1.0                , 10,  0, 610,  0
           3,          1.0 ,    1.0, 1.0               , 1.0                , 10,  0, 610,  0
           4,          0.1 ,    0.6, 1.0               , 0.8                ,  6,  0, 610,  4
           4,          0.15,    0.7, 1.0               , 0.85               ,  7,  0, 610,  3
           4,          0.2 ,    0.9, 1.0               , 0.95               ,  9,  0, 610,  1
           4,          0.25,    0.8, 0.9983606557377049, 0.8991803278688525 ,  8,  1, 609,  2
           4,          0.3 ,    0.9, 0.9983606557377049, 0.9491803278688524 ,  9,  1, 609,  1
           4,          0.35,    1.0, 1.0               , 1.0                , 10,  0, 610,  0
           4,          0.4 ,    0.8, 0.9983606557377049, 0.8991803278688525 ,  8,  1, 609,  2
           4,          0.45,    0.9, 1.0               , 0.95               ,  9,  0, 610,  1
           4,          0.5 ,    0.8, 1.0               , 0.9                ,  8,  0, 610,  2
           4,          0.55,    0.9, 1.0               , 0.95               ,  9,  0, 610,  1
           4,          0.6 ,    1.0, 1.0               , 1.0                , 10,  0, 610,  0
           4,          0.65,    1.0, 1.0               , 1.0                , 10,  0, 610,  0
           4,          0.7 ,    1.0, 1.0               , 1.0                , 10,  0, 610,  0
           4,          0.75,    0.9, 0.9983606557377049, 0.9491803278688524 ,  9,  1, 609,  1
           4,          0.8 ,    0.9, 0.9983606557377049, 0.9491803278688524 ,  9,  1, 609,  1
           4,          0.85,    1.0, 1.0               , 1.0                , 10,  0, 610,  0
           4,          0.9 ,    1.0, 1.0               , 1.0                , 10,  0, 610,  0
           4,          0.95,    1.0, 1.0               , 1.0                , 10,  0, 610,  0
           4,          1.0 ,    1.0, 1.0               , 1.0                , 10,  0, 610,  0
           5,          0.1 ,    0.5, 1.0               , 0.75               ,  5,  0, 610,  5
           5,          0.15,    0.7, 1.0               , 0.85               ,  7,  0, 610,  3
           5,          0.2 ,    0.9, 1.0               , 0.95               ,  9,  0, 610,  1
           5,          0.25,    0.8, 1.0               , 0.9                ,  8,  0, 610,  2
           5,          0.3 ,    1.0, 1.0               , 1.0                , 10,  0, 610,  0
           5,          0.35,    0.9, 1.0               , 0.95               ,  9,  0, 610,  1
           5,          0.4 ,    1.0, 1.0               , 1.0                , 10,  0, 610,  0
           5,          0.45,    1.0, 1.0               , 1.0                , 10,  0, 610,  0
           5,          0.5 ,    0.9, 1.0               , 0.95               ,  9,  0, 610,  1
           5,          0.55,    1.0, 1.0               , 1.0                , 10,  0, 610,  0
           5,          0.6 ,    1.0, 1.0               , 1.0                , 10,  0, 610,  0
           5,          0.65,    1.0, 1.0               , 1.0                , 10,  0, 610,  0
           5,          0.7 ,    1.0, 1.0               , 1.0                , 10,  0, 610,  0
           5,          0.75,    1.0, 1.0               , 1.0                , 10,  0, 610,  0
           5,          0.8 ,    1.0, 1.0               , 1.0                , 10,  0, 610,  0
           5,          0.85,    1.0, 1.0               , 1.0                , 10,  0, 610,  0
           5,          0.9 ,    1.0, 1.0               , 1.0                , 10,  0, 610,  0
           5,          0.95,    1.0, 1.0               , 1.0                , 10,  0, 610,  0
           5,          1.0 ,    1.0, 1.0               , 1.0                , 10,  0, 610,  0
           6,          0.1 ,    0.6, 1.0               , 0.8                ,  6,  0, 610,  4
           6,          0.15,    0.7, 0.9983606557377049, 0.8491803278688524 ,  7,  1, 609,  3
           6,          0.2 ,    0.7, 1.0               , 0.85               ,  7,  0, 610,  3
           6,          0.25,    1.0, 1.0               , 1.0                , 10,  0, 610,  0
           6,          0.3 ,    1.0, 1.0               , 1.0                , 10,  0, 610,  0
           6,          0.35,    0.8, 1.0               , 0.9                ,  8,  0, 610,  2
           6,          0.4 ,    0.9, 1.0               , 0.95               ,  9,  0, 610,  1
           6,          0.45,    0.9, 1.0               , 0.95               ,  9,  0, 610,  1
           6,          0.5 ,    0.8, 1.0               , 0.9                ,  8,  0, 610,  2
           6,          0.55,    0.8, 1.0               , 0.9                ,  8,  0, 610,  2
           6,          0.6 ,    0.8, 1.0               , 0.9                ,  8,  0, 610,  2
           6,          0.65,    0.9, 1.0               , 0.95               ,  9,  0, 610,  1
           6,          0.7 ,    0.8, 0.9983606557377049, 0.8991803278688525 ,  8,  1, 609,  2
           6,          0.75,    0.9, 1.0               , 0.95               ,  9,  0, 610,  1
           6,          0.8 ,    1.0, 1.0               , 1.0                , 10,  0, 610,  0
           6,          0.85,    1.0, 1.0               , 1.0                , 10,  0, 610,  0
           6,          0.9 ,    1.0, 1.0               , 1.0                , 10,  0, 610,  0
           6,          0.95,    1.0, 1.0               , 1.0                , 10,  0, 610,  0
           6,          1.0 ,    1.0, 1.0               , 1.0                , 10,  0, 610,  0
           7,          0.1 ,    0.7, 1.0               , 0.85               ,  7,  0, 610,  3
           7,          0.15,    0.6, 1.0               , 0.8                ,  6,  0, 610,  4
           7,          0.2 ,    0.4, 0.9983606557377049, 0.6991803278688524 ,  4,  1, 609,  6
           7,          0.25,    0.8, 0.9983606557377049, 0.8991803278688525 ,  8,  1, 609,  2
           7,          0.3 ,    0.8, 0.9983606557377049, 0.8991803278688525 ,  8,  1, 609,  2
           7,          0.35,    0.8, 0.9983606557377049, 0.8991803278688525 ,  8,  1, 609,  2
           7,          0.4 ,    0.8, 0.9983606557377049, 0.8991803278688525 ,  8,  1, 609,  2
           7,          0.45,    0.8, 0.9983606557377049, 0.8991803278688525 ,  8,  1, 609,  2
           7,          0.5 ,    0.9, 0.9983606557377049, 0.9491803278688524 ,  9,  1, 609,  1
           7,          0.55,    0.9, 0.9983606557377049, 0.9491803278688524 ,  9,  1, 609,  1
           7,          0.6 ,    0.9, 0.9983606557377049, 0.9491803278688524 ,  9,  1, 609,  1
           7,          0.65,    0.9, 1.0               , 0.95               ,  9,  0, 610,  1
           7,          0.7 ,    0.9, 0.9983606557377049, 0.9491803278688524 ,  9,  1, 609,  1
           7,          0.75,    1.0, 1.0               , 1.0                , 10,  0, 610,  0
           7,          0.8 ,    0.9, 0.9983606557377049, 0.9491803278688524 ,  9,  1, 609,  1
           7,          0.85,    0.9, 0.9983606557377049, 0.9491803278688524 ,  9,  1, 609,  1
           7,          0.9 ,    1.0, 1.0               , 1.0                , 10,  0, 610,  0
           7,          0.95,    0.9, 0.9983606557377049, 0.9491803278688524 ,  9,  1, 609,  1
           7,          1.0 ,    0.9, 0.9983606557377049, 0.9491803278688524 ,  9,  1, 609,  1
           8,          0.1 ,    0.6, 1.0               , 0.8                ,  6,  0, 610,  4
           8,          0.15,    0.5, 1.0               , 0.75               ,  5,  0, 610,  5
           8,          0.2 ,    0.8, 1.0               , 0.9                ,  8,  0, 610,  2
           8,          0.25,    1.0, 1.0               , 1.0                , 10,  0, 610,  0
           8,          0.3 ,    1.0, 1.0               , 1.0                , 10,  0, 610,  0
           8,          0.35,    0.8, 1.0               , 0.9                ,  8,  0, 610,  2
           8,          0.4 ,    0.9, 1.0               , 0.95               ,  9,  0, 610,  1
           8,          0.45,    0.9, 1.0               , 0.95               ,  9,  0, 610,  1
           8,          0.5 ,    0.8, 0.9983606557377049, 0.8991803278688525 ,  8,  1, 609,  2
           8,          0.55,    0.9, 1.0               , 0.95               ,  9,  0, 610,  1
           8,          0.6 ,    0.9, 1.0               , 0.95               ,  9,  0, 610,  1
           8,          0.65,    0.9, 1.0               , 0.95               ,  9,  0, 610,  1
           8,          0.7 ,    1.0, 1.0               , 1.0                , 10,  0, 610,  0
           8,          0.75,    1.0, 1.0               , 1.0                , 10,  0, 610,  0
           8,          0.8 ,    1.0, 1.0               , 1.0                , 10,  0, 610,  0
           8,          0.85,    1.0, 1.0               , 1.0                , 10,  0, 610,  0
           8,          0.9 ,    1.0, 1.0               , 1.0                , 10,  0, 610,  0
           8,          0.95,    1.0, 1.0               , 1.0                , 10,  0, 610,  0
           8,          1.0 ,    1.0, 1.0               , 1.0                , 10,  0, 610,  0
           9,          0.1 ,    0.4, 1.0               , 0.7                ,  4,  0, 610,  6
           9,          0.15,    0.4, 1.0               , 0.7                ,  4,  0, 610,  6
           9,          0.2 ,    0.5, 1.0               , 0.75               ,  5,  0, 610,  5
           9,          0.25,    0.9, 1.0               , 0.95               ,  9,  0, 610,  1
           9,          0.3 ,    0.8, 1.0               , 0.9                ,  8,  0, 610,  2
           9,          0.35,    0.9, 1.0               , 0.95               ,  9,  0, 610,  1
           9,          0.4 ,    0.7, 1.0               , 0.85               ,  7,  0, 610,  3
           9,          0.45,    1.0, 1.0               , 1.0                , 10,  0, 610,  0
           9,          0.5 ,    1.0, 1.0               , 1.0                , 10,  0, 610,  0
           9,          0.55,    0.9, 1.0               , 0.95               ,  9,  0, 610,  1
           9,          0.6 ,    1.0, 1.0               , 1.0                , 10,  0, 610,  0
           9,          0.65,    0.9, 1.0               , 0.95               ,  9,  0, 610,  1
           9,          0.7 ,    1.0, 1.0               , 1.0                , 10,  0, 610,  0
           9,          0.75,    1.0, 1.0               , 1.0                , 10,  0, 610,  0
           9,          0.8 ,    1.0, 1.0               , 1.0                , 10,  0, 610,  0
           9,          0.85,    1.0, 1.0               , 1.0                , 10,  0, 610,  0
           9,          0.9 ,    1.0, 1.0               , 1.0                , 10,  0, 610,  0
           9,          0.95,    1.0, 1.0               , 1.0                , 10,  0, 610,  0
           9,          1.0 ,    1.0, 1.0               , 1.0                , 10,  0, 610,  0
          10,          0.1 ,    0.8, 1.0               , 0.9                ,  8,  0, 610,  2
          10,          0.15,    0.8, 1.0               , 0.9                ,  8,  0, 610,  2
          10,          0.2 ,    0.8, 1.0               , 0.9                ,  8,  0, 610,  2
          10,          0.25,    1.0, 1.0               , 1.0                , 10,  0, 610,  0
          10,          0.3 ,    1.0, 1.0               , 1.0                , 10,  0, 610,  0
          10,          0.35,    1.0, 1.0               , 1.0                , 10,  0, 610,  0
          10,          0.4 ,    0.8, 1.0               , 0.9                ,  8,  0, 610,  2
          10,          0.45,    1.0, 1.0               , 1.0                , 10,  0, 610,  0
          10,          0.5 ,    1.0, 1.0               , 1.0                , 10,  0, 610,  0
          10,          0.55,    0.9, 1.0               , 0.95               ,  9,  0, 610,  1
          10,          0.6 ,    1.0, 1.0               , 1.0                , 10,  0, 610,  0
          10,          0.65,    1.0, 1.0               , 1.0                , 10,  0, 610,  0
          10,          0.7 ,    1.0, 1.0               , 1.0                , 10,  0, 610,  0
          10,          0.75,    1.0, 1.0               , 1.0                , 10,  0, 610,  0
          10,          0.8 ,    1.0, 1.0               , 1.0                , 10,  0, 610,  0
          10,          0.85,    1.0, 1.0               , 1.0                , 10,  0, 610,  0
          10,          0.9 ,    1.0, 1.0               , 1.0                , 10,  0, 610,  0
          10,          0.95,    1.0, 1.0               , 1.0                , 10,  0, 610,  0
          10,          1.0 ,    1.0, 1.0               , 1.0                , 10,  0, 610,  0
          11,          0.1 ,    0.4, 1.0               , 0.7                ,  4,  0, 610,  6
          11,          0.15,    0.3, 1.0               , 0.65               ,  3,  0, 610,  7
          11,          0.2 ,    0.3, 0.9983606557377049, 0.6491803278688525 ,  3,  1, 609,  7
          11,          0.25,    0.5, 1.0               , 0.75               ,  5,  0, 610,  5
          11,          0.3 ,    0.5, 1.0               , 0.75               ,  5,  0, 610,  5
          11,          0.35,    0.8, 1.0               , 0.9                ,  8,  0, 610,  2
          11,          0.4 ,    0.7, 1.0               , 0.85               ,  7,  0, 610,  3
          11,          0.45,    0.9, 1.0               , 0.95               ,  9,  0, 610,  1
          11,          0.5 ,    0.8, 1.0               , 0.9                ,  8,  0, 610,  2
          11,          0.55,    0.8, 1.0               , 0.9                ,  8,  0, 610,  2
          11,          0.6 ,    0.9, 1.0               , 0.95               ,  9,  0, 610,  1
          11,          0.65,    1.0, 1.0               , 1.0                , 10,  0, 610,  0
          11,          0.7 ,    1.0, 1.0               , 1.0                , 10,  0, 610,  0
          11,          0.75,    1.0, 1.0               , 1.0                , 10,  0, 610,  0
          11,          0.8 ,    1.0, 1.0               , 1.0                , 10,  0, 610,  0
          11,          0.85,    1.0, 1.0               , 1.0                , 10,  0, 610,  0
          11,          0.9 ,    1.0, 1.0               , 1.0                , 10,  0, 610,  0
          11,          0.95,    1.0, 1.0               , 1.0                , 10,  0, 610,  0
          11,          1.0 ,    1.0, 1.0               , 1.0                , 10,  0, 610,  0
          12,          0.1 ,    0.4, 1.0               , 0.7                ,  4,  0, 610,  6
          12,          0.15,    0.4, 1.0               , 0.7                ,  4,  0, 610,  6
          12,          0.2 ,    0.4, 1.0               , 0.7                ,  4,  0, 610,  6
          12,          0.25,    0.8, 1.0               , 0.9                ,  8,  0, 610,  2
          12,          0.3 ,    0.8, 1.0               , 0.9                ,  8,  0, 610,  2
          12,          0.35,    0.8, 1.0               , 0.9                ,  8,  0, 610,  2
          12,          0.4 ,    0.9, 1.0               , 0.95               ,  9,  0, 610,  1
          12,          0.45,    0.8, 1.0               , 0.9                ,  8,  0, 610,  2
          12,          0.5 ,    0.9, 1.0               , 0.95               ,  9,  0, 610,  1
          12,          0.55,    0.9, 0.9983606557377049, 0.9491803278688524 ,  9,  1, 609,  1
          12,          0.6 ,    0.9, 1.0               , 0.95               ,  9,  0, 610,  1
          12,          0.65,    1.0, 1.0               , 1.0                , 10,  0, 610,  0
          12,          0.7 ,    1.0, 1.0               , 1.0                , 10,  0, 610,  0
          12,          0.75,    1.0, 1.0               , 1.0                , 10,  0, 610,  0
          12,          0.8 ,    1.0, 1.0               , 1.0                , 10,  0, 610,  0
          12,          0.85,    1.0, 1.0               , 1.0                , 10,  0, 610,  0
          12,          0.9 ,    1.0, 1.0               , 1.0                , 10,  0, 610,  0
          12,          0.95,    1.0, 1.0               , 1.0                , 10,  0, 610,  0
          12,          1.0 ,    1.0, 1.0               , 1.0                , 10,  0, 610,  0
          13,          0.1 ,    0.5, 1.0               , 0.75               ,  5,  0, 610,  5
          13,          0.15,    0.2, 1.0               , 0.6                ,  2,  0, 610,  8
          13,          0.2 ,    0.7, 1.0               , 0.85               ,  7,  0, 610,  3
          13,          0.25,    0.5, 1.0               , 0.75               ,  5,  0, 610,  5
          13,          0.3 ,    0.6, 1.0               , 0.8                ,  6,  0, 610,  4
          13,          0.35,    0.7, 1.0               , 0.85               ,  7,  0, 610,  3
          13,          0.4 ,    0.7, 1.0               , 0.85               ,  7,  0, 610,  3
          13,          0.45,    1.0, 1.0               , 1.0                , 10,  0, 610,  0
          13,          0.5 ,    0.8, 1.0               , 0.9                ,  8,  0, 610,  2
          13,          0.55,    0.9, 1.0               , 0.95               ,  9,  0, 610,  1
          13,          0.6 ,    0.9, 1.0               , 0.95               ,  9,  0, 610,  1
          13,          0.65,    1.0, 1.0               , 1.0                , 10,  0, 610,  0
          13,          0.7 ,    1.0, 1.0               , 1.0                , 10,  0, 610,  0
          13,          0.75,    1.0, 1.0               , 1.0                , 10,  0, 610,  0
          13,          0.8 ,    1.0, 1.0               , 1.0                , 10,  0, 610,  0
          13,          0.85,    1.0, 1.0               , 1.0                , 10,  0, 610,  0
          13,          0.9 ,    1.0, 1.0               , 1.0                , 10,  0, 610,  0
          13,          0.95,    1.0, 1.0               , 1.0                , 10,  0, 610,  0
          13,          1.0 ,    1.0, 1.0               , 1.0                , 10,  0, 610,  0
          14,          0.1 ,    0.6, 1.0               , 0.8                ,  6,  0, 610,  4
          14,          0.15,    0.8, 1.0               , 0.9                ,  8,  0, 610,  2
          14,          0.2 ,    0.7, 1.0               , 0.85               ,  7,  0, 610,  3
          14,          0.25,    0.9, 1.0               , 0.95               ,  9,  0, 610,  1
          14,          0.3 ,    1.0, 1.0               , 1.0                , 10,  0, 610,  0
          14,          0.35,    0.8, 1.0               , 0.9                ,  8,  0, 610,  2
          14,          0.4 ,    1.0, 1.0               , 1.0                , 10,  0, 610,  0
          14,          0.45,    0.7, 1.0               , 0.85               ,  7,  0, 610,  3
          14,          0.5 ,    1.0, 1.0               , 1.0                , 10,  0, 610,  0
          14,          0.55,    0.9, 1.0               , 0.95               ,  9,  0, 610,  1
          14,          0.6 ,    1.0, 1.0               , 1.0                , 10,  0, 610,  0
          14,          0.65,    1.0, 1.0               , 1.0                , 10,  0, 610,  0
          14,          0.7 ,    1.0, 1.0               , 1.0                , 10,  0, 610,  0
          14,          0.75,    1.0, 1.0               , 1.0                , 10,  0, 610,  0
          14,          0.8 ,    1.0, 1.0               , 1.0                , 10,  0, 610,  0
          14,          0.85,    1.0, 1.0               , 1.0                , 10,  0, 610,  0
          14,          0.9 ,    1.0, 1.0               , 1.0                , 10,  0, 610,  0
          14,          0.95,    1.0, 1.0               , 1.0                , 10,  0, 610,  0
          14,          1.0 ,    1.0, 1.0               , 1.0                , 10,  0, 610,  0
          15,          0.1 ,    0.2, 1.0               , 0.6                ,  2,  0, 610,  8
          15,          0.15,    0.3, 1.0               , 0.65               ,  3,  0, 610,  7
          15,          0.2 ,    0.4, 1.0               , 0.7                ,  4,  0, 610,  6
          15,          0.25,    0.3, 1.0               , 0.65               ,  3,  0, 610,  7
          15,          0.3 ,    0.6, 1.0               , 0.8                ,  6,  0, 610,  4
          15,          0.35,    0.6, 0.9983606557377049, 0.7991803278688525 ,  6,  1, 609,  4
          15,          0.4 ,    0.7, 1.0               , 0.85               ,  7,  0, 610,  3
          15,          0.45,    0.7, 1.0               , 0.85               ,  7,  0, 610,  3
          15,          0.5 ,    0.7, 1.0               , 0.85               ,  7,  0, 610,  3
          15,          0.55,    0.7, 1.0               , 0.85               ,  7,  0, 610,  3
          15,          0.6 ,    0.8, 1.0               , 0.9                ,  8,  0, 610,  2
          15,          0.65,    0.9, 1.0               , 0.95               ,  9,  0, 610,  1
          15,          0.7 ,    0.9, 1.0               , 0.95               ,  9,  0, 610,  1
          15,          0.75,    0.9, 0.9983606557377049, 0.9491803278688524 ,  9,  1, 609,  1
          15,          0.8 ,    0.9, 0.9983606557377049, 0.9491803278688524 ,  9,  1, 609,  1
          15,          0.85,    1.0, 1.0               , 1.0                , 10,  0, 610,  0
          15,          0.9 ,    1.0, 1.0               , 1.0                , 10,  0, 610,  0
          15,          0.95,    0.9, 0.9983606557377049, 0.9491803278688524 ,  9,  1, 609,  1
          15,          1.0 ,    1.0, 1.0               , 1.0                , 10,  0, 610,  0
          16,          0.1 ,    0.6, 1.0               , 0.8                ,  6,  0, 610,  4
          16,          0.15,    0.6, 1.0               , 0.8                ,  6,  0, 610,  4
          16,          0.2 ,    0.7, 1.0               , 0.85               ,  7,  0, 610,  3
          16,          0.25,    0.8, 1.0               , 0.9                ,  8,  0, 610,  2
          16,          0.3 ,    0.8, 1.0               , 0.9                ,  8,  0, 610,  2
          16,          0.35,    0.7, 0.9967213114754099, 0.8483606557377049 ,  7,  2, 608,  3
          16,          0.4 ,    0.9, 1.0               , 0.95               ,  9,  0, 610,  1
          16,          0.45,    0.8, 0.9983606557377049, 0.8991803278688525 ,  8,  1, 609,  2
          16,          0.5 ,    0.8, 0.9983606557377049, 0.8991803278688525 ,  8,  1, 609,  2
          16,          0.55,    0.9, 1.0               , 0.95               ,  9,  0, 610,  1
          16,          0.6 ,    0.8, 0.9983606557377049, 0.8991803278688525 ,  8,  1, 609,  2
          16,          0.65,    1.0, 1.0               , 1.0                , 10,  0, 610,  0
          16,          0.7 ,    0.9, 0.9983606557377049, 0.9491803278688524 ,  9,  1, 609,  1
          16,          0.75,    0.9, 0.9983606557377049, 0.9491803278688524 ,  9,  1, 609,  1
          16,          0.8 ,    1.0, 1.0               , 1.0                , 10,  0, 610,  0
          16,          0.85,    1.0, 1.0               , 1.0                , 10,  0, 610,  0
          16,          0.9 ,    1.0, 1.0               , 1.0                , 10,  0, 610,  0
          16,          0.95,    1.0, 1.0               , 1.0                , 10,  0, 610,  0
          16,          1.0 ,    1.0, 1.0               , 1.0                , 10,  0, 610,  0
          17,          0.1 ,    0.3, 1.0               , 0.65               ,  3,  0, 610,  7
          17,          0.15,    0.3, 1.0               , 0.65               ,  3,  0, 610,  7
          17,          0.2 ,    0.6, 1.0               , 0.8                ,  6,  0, 610,  4
          17,          0.25,    0.7, 1.0               , 0.85               ,  7,  0, 610,  3
          17,          0.3 ,    0.7, 1.0               , 0.85               ,  7,  0, 610,  3
          17,          0.35,    0.7, 1.0               , 0.85               ,  7,  0, 610,  3
          17,          0.4 ,    0.8, 1.0               , 0.9                ,  8,  0, 610,  2
          17,          0.45,    0.8, 1.0               , 0.9                ,  8,  0, 610,  2
          17,          0.5 ,    0.8, 1.0               , 0.9                ,  8,  0, 610,  2
          17,          0.55,    0.7, 1.0               , 0.85               ,  7,  0, 610,  3
          17,          0.6 ,    0.8, 1.0               , 0.9                ,  8,  0, 610,  2
          17,          0.65,    0.9, 1.0               , 0.95               ,  9,  0, 610,  1
          17,          0.7 ,    0.9, 1.0               , 0.95               ,  9,  0, 610,  1
          17,          0.75,    0.9, 1.0               , 0.95               ,  9,  0, 610,  1
          17,          0.8 ,    0.9, 1.0               , 0.95               ,  9,  0, 610,  1
          17,          0.85,    0.9, 1.0               , 0.95               ,  9,  0, 610,  1
          17,          0.9 ,    0.9, 1.0               , 0.95               ,  9,  0, 610,  1
          17,          0.95,    0.9, 1.0               , 0.95               ,  9,  0, 610,  1
          17,          1.0 ,    0.9, 1.0               , 0.95               ,  9,  0, 610,  1
          18,          0.1 ,    0.7, 1.0               , 0.85               ,  7,  0, 610,  3
          18,          0.15,    0.6, 1.0               , 0.8                ,  6,  0, 610,  4
          18,          0.2 ,    0.6, 1.0               , 0.8                ,  6,  0, 610,  4
          18,          0.25,    0.8, 1.0               , 0.9                ,  8,  0, 610,  2
          18,          0.3 ,    0.8, 1.0               , 0.9                ,  8,  0, 610,  2
          18,          0.35,    0.6, 0.9983606557377049, 0.7991803278688525 ,  6,  1, 609,  4
          18,          0.4 ,    0.7, 1.0               , 0.85               ,  7,  0, 610,  3
          18,          0.45,    0.9, 1.0               , 0.95               ,  9,  0, 610,  1
          18,          0.5 ,    0.8, 1.0               , 0.9                ,  8,  0, 610,  2
          18,          0.55,    0.9, 1.0               , 0.95               ,  9,  0, 610,  1
          18,          0.6 ,    1.0, 1.0               , 1.0                , 10,  0, 610,  0
          18,          0.65,    1.0, 1.0               , 1.0                , 10,  0, 610,  0
          18,          0.7 ,    1.0, 1.0               , 1.0                , 10,  0, 610,  0
          18,          0.75,    1.0, 1.0               , 1.0                , 10,  0, 610,  0
          18,          0.8 ,    1.0, 1.0               , 1.0                , 10,  0, 610,  0
          18,          0.85,    1.0, 1.0               , 1.0                , 10,  0, 610,  0
          18,          0.9 ,    1.0, 1.0               , 1.0                , 10,  0, 610,  0
          18,          0.95,    1.0, 1.0               , 1.0                , 10,  0, 610,  0
          18,          1.0 ,    1.0, 1.0               , 1.0                , 10,  0, 610,  0
          19,          0.1 ,    0.5, 1.0               , 0.75               ,  5,  0, 610,  5
          19,          0.15,    0.6, 1.0               , 0.8                ,  6,  0, 610,  4
          19,          0.2 ,    0.6, 0.9983606557377049, 0.7991803278688525 ,  6,  1, 609,  4
          19,          0.25,    0.7, 0.9983606557377049, 0.8491803278688524 ,  7,  1, 609,  3
          19,          0.3 ,    0.7, 0.9983606557377049, 0.8491803278688524 ,  7,  1, 609,  3
          19,          0.35,    0.6, 0.9983606557377049, 0.7991803278688525 ,  6,  1, 609,  4
          19,          0.4 ,    0.7, 0.9983606557377049, 0.8491803278688524 ,  7,  1, 609,  3
          19,          0.45,    0.7, 0.9983606557377049, 0.8491803278688524 ,  7,  1, 609,  3
          19,          0.5 ,    0.9, 1.0               , 0.95               ,  9,  0, 610,  1
          19,          0.55,    0.8, 1.0               , 0.9                ,  8,  0, 610,  2
          19,          0.6 ,    1.0, 1.0               , 1.0                , 10,  0, 610,  0
          19,          0.65,    1.0, 1.0               , 1.0                , 10,  0, 610,  0
          19,          0.7 ,    1.0, 1.0               , 1.0                , 10,  0, 610,  0
          19,          0.75,    0.9, 0.9983606557377049, 0.9491803278688524 ,  9,  1, 609,  1
          19,          0.8 ,    0.9, 0.9983606557377049, 0.9491803278688524 ,  9,  1, 609,  1
          19,          0.85,    1.0, 1.0               , 1.0                , 10,  0, 610,  0
          19,          0.9 ,    0.9, 0.9983606557377049, 0.9491803278688524 ,  9,  1, 609,  1
          19,          0.95,    1.0, 1.0               , 1.0                , 10,  0, 610,  0
          19,          1.0 ,    0.9, 0.9983606557377049, 0.9491803278688524 ,  9,  1, 609,  1
          20,          0.1 ,    0.5, 1.0               , 0.75               ,  5,  0, 610,  5
          20,          0.15,    0.5, 0.9983606557377049, 0.7491803278688525 ,  5,  1, 609,  5
          20,          0.2 ,    0.8, 1.0               , 0.9                ,  8,  0, 610,  2
          20,          0.25,    0.8, 1.0               , 0.9                ,  8,  0, 610,  2
          20,          0.3 ,    0.9, 1.0               , 0.95               ,  9,  0, 610,  1
          20,          0.35,    0.7, 1.0               , 0.85               ,  7,  0, 610,  3
          20,          0.4 ,    0.6, 1.0               , 0.8                ,  6,  0, 610,  4
          20,          0.45,    0.7, 1.0               , 0.85               ,  7,  0, 610,  3
          20,          0.5 ,    0.7, 1.0               , 0.85               ,  7,  0, 610,  3
          20,          0.55,    0.8, 1.0               , 0.9                ,  8,  0, 610,  2
          20,          0.6 ,    0.8, 1.0               , 0.9                ,  8,  0, 610,  2
          20,          0.65,    0.8, 1.0               , 0.9                ,  8,  0, 610,  2
          20,          0.7 ,    0.8, 1.0               , 0.9                ,  8,  0, 610,  2
          20,          0.75,    0.8, 0.9983606557377049, 0.8991803278688525 ,  8,  1, 609,  2
          20,          0.8 ,    0.9, 1.0               , 0.95               ,  9,  0, 610,  1
          20,          0.85,    0.9, 1.0               , 0.95               ,  9,  0, 610,  1
          20,          0.9 ,    0.9, 1.0               , 0.95               ,  9,  0, 610,  1
          20,          0.95,    0.9, 1.0               , 0.95               ,  9,  0, 610,  1
          20,          1.0 ,    0.9, 1.0               , 0.95               ,  9,  0, 610,  1
          21,          0.1 ,    0.4, 1.0               , 0.7                ,  4,  0, 610,  6
          21,          0.15,    0.3, 1.0               , 0.65               ,  3,  0, 610,  7
          21,          0.2 ,    0.4, 0.9983606557377049, 0.6991803278688524 ,  4,  1, 609,  6
          21,          0.25,    0.6, 1.0               , 0.8                ,  6,  0, 610,  4
          21,          0.3 ,    0.5, 0.9967213114754099, 0.7483606557377049 ,  5,  2, 608,  5
          21,          0.35,    0.8, 1.0               , 0.9                ,  8,  0, 610,  2
          21,          0.4 ,    0.7, 1.0               , 0.85               ,  7,  0, 610,  3
          21,          0.45,    0.7, 0.9983606557377049, 0.8491803278688524 ,  7,  1, 609,  3
          21,          0.5 ,    0.8, 1.0               , 0.9                ,  8,  0, 610,  2
          21,          0.55,    0.7, 1.0               , 0.85               ,  7,  0, 610,  3
          21,          0.6 ,    0.9, 1.0               , 0.95               ,  9,  0, 610,  1
          21,          0.65,    0.9, 1.0               , 0.95               ,  9,  0, 610,  1
          21,          0.7 ,    0.9, 1.0               , 0.95               ,  9,  0, 610,  1
          21,          0.75,    0.9, 1.0               , 0.95               ,  9,  0, 610,  1
          21,          0.8 ,    0.9, 1.0               , 0.95               ,  9,  0, 610,  1
          21,          0.85,    0.9, 1.0               , 0.95               ,  9,  0, 610,  1
          21,          0.9 ,    0.9, 1.0               , 0.95               ,  9,  0, 610,  1
          21,          0.95,    0.9, 1.0               , 0.95               ,  9,  0, 610,  1
          21,          1.0 ,    0.8, 0.9983606557377049, 0.8991803278688525 ,  8,  1, 609,  2
          22,          0.1 ,    0.4, 1.0               , 0.7                ,  4,  0, 610,  6
          22,          0.15,    0.5, 1.0               , 0.75               ,  5,  0, 610,  5
          22,          0.2 ,    0.5, 0.9983606557377049, 0.7491803278688525 ,  5,  1, 609,  5
          22,          0.25,    0.6, 1.0               , 0.8                ,  6,  0, 610,  4
          22,          0.3 ,    0.7, 1.0               , 0.85               ,  7,  0, 610,  3
          22,          0.35,    0.7, 1.0               , 0.85               ,  7,  0, 610,  3
          22,          0.4 ,    0.7, 1.0               , 0.85               ,  7,  0, 610,  3
          22,          0.45,    0.7, 1.0               , 0.85               ,  7,  0, 610,  3
          22,          0.5 ,    0.7, 1.0               , 0.85               ,  7,  0, 610,  3
          22,          0.55,    0.7, 1.0               , 0.85               ,  7,  0, 610,  3
          22,          0.6 ,    0.7, 1.0               , 0.85               ,  7,  0, 610,  3
          22,          0.65,    0.6, 0.9983606557377049, 0.7991803278688525 ,  6,  1, 609,  4
          22,          0.7 ,    0.8, 1.0               , 0.9                ,  8,  0, 610,  2
          22,          0.75,    0.8, 1.0               , 0.9                ,  8,  0, 610,  2
          22,          0.8 ,    0.9, 1.0               , 0.95               ,  9,  0, 610,  1
          22,          0.85,    0.9, 1.0               , 0.95               ,  9,  0, 610,  1
          22,          0.9 ,    0.9, 1.0               , 0.95               ,  9,  0, 610,  1
          22,          0.95,    0.9, 1.0               , 0.95               ,  9,  0, 610,  1
          22,          1.0 ,    0.8, 0.9983606557377049, 0.8991803278688525 ,  8,  1, 609,  2
          23,          0.1 ,    0.6, 1.0               , 0.8                ,  6,  0, 610,  4
          23,          0.15,    0.7, 1.0               , 0.85               ,  7,  0, 610,  3
          23,          0.2 ,    0.7, 0.9983606557377049, 0.8491803278688524 ,  7,  1, 609,  3
          23,          0.25,    0.6, 1.0               , 0.8                ,  6,  0, 610,  4
          23,          0.3 ,    0.9, 1.0               , 0.95               ,  9,  0, 610,  1
          23,          0.35,    0.8, 1.0               , 0.9                ,  8,  0, 610,  2
          23,          0.4 ,    0.9, 1.0               , 0.95               ,  9,  0, 610,  1
          23,          0.45,    0.7, 0.9983606557377049, 0.8491803278688524 ,  7,  1, 609,  3
          23,          0.5 ,    0.7, 1.0               , 0.85               ,  7,  0, 610,  3
          23,          0.55,    0.8, 1.0               , 0.9                ,  8,  0, 610,  2
          23,          0.6 ,    0.8, 1.0               , 0.9                ,  8,  0, 610,  2
          23,          0.65,    0.8, 1.0               , 0.9                ,  8,  0, 610,  2
          23,          0.7 ,    0.7, 0.9983606557377049, 0.8491803278688524 ,  7,  1, 609,  3
          23,          0.75,    0.7, 0.9983606557377049, 0.8491803278688524 ,  7,  1, 609,  3
          23,          0.8 ,    0.9, 1.0               , 0.95               ,  9,  0, 610,  1
          23,          0.85,    0.9, 1.0               , 0.95               ,  9,  0, 610,  1
          23,          0.9 ,    0.9, 1.0               , 0.95               ,  9,  0, 610,  1
          23,          0.95,    0.9, 1.0               , 0.95               ,  9,  0, 610,  1
          23,          1.0 ,    0.8, 0.9983606557377049, 0.8991803278688525 ,  8,  1, 609,  2
          24,          0.1 ,    0.5, 0.9983606557377049, 0.7491803278688525 ,  5,  1, 609,  5
          24,          0.15,    0.7, 1.0               , 0.85               ,  7,  0, 610,  3
          24,          0.2 ,    0.7, 1.0               , 0.85               ,  7,  0, 610,  3
          24,          0.25,    0.8, 0.9983606557377049, 0.8991803278688525 ,  8,  1, 609,  2
          24,          0.3 ,    0.9, 1.0               , 0.95               ,  9,  0, 610,  1
          24,          0.35,    0.7, 0.9983606557377049, 0.8491803278688524 ,  7,  1, 609,  3
          24,          0.4 ,    0.9, 1.0               , 0.95               ,  9,  0, 610,  1
          24,          0.45,    0.9, 1.0               , 0.95               ,  9,  0, 610,  1
          24,          0.5 ,    0.9, 1.0               , 0.95               ,  9,  0, 610,  1
          24,          0.55,    0.9, 1.0               , 0.95               ,  9,  0, 610,  1
          24,          0.6 ,    0.8, 0.9983606557377049, 0.8991803278688525 ,  8,  1, 609,  2
          24,          0.65,    1.0, 1.0               , 1.0                , 10,  0, 610,  0
          24,          0.7 ,    0.9, 0.9983606557377049, 0.9491803278688524 ,  9,  1, 609,  1
          24,          0.75,    0.9, 0.9983606557377049, 0.9491803278688524 ,  9,  1, 609,  1
          24,          0.8 ,    1.0, 1.0               , 1.0                , 10,  0, 610,  0
          24,          0.85,    0.9, 0.9983606557377049, 0.9491803278688524 ,  9,  1, 609,  1
          24,          0.9 ,    0.9, 0.9983606557377049, 0.9491803278688524 ,  9,  1, 609,  1
          24,          0.95,    1.0, 1.0               , 1.0                , 10,  0, 610,  0
          24,          1.0 ,    1.0, 1.0               , 1.0                , 10,  0, 610,  0
          25,          0.1 ,    0.7, 1.0               , 0.85               ,  7,  0, 610,  3
          25,          0.15,    0.6, 1.0               , 0.8                ,  6,  0, 610,  4
          25,          0.2 ,    0.8, 1.0               , 0.9                ,  8,  0, 610,  2
          25,          0.25,    0.6, 0.9983606557377049, 0.7991803278688525 ,  6,  1, 609,  4
          25,          0.3 ,    0.6, 1.0               , 0.8                ,  6,  0, 610,  4
          25,          0.35,    0.6, 1.0               , 0.8                ,  6,  0, 610,  4
          25,          0.4 ,    0.6, 0.9967213114754099, 0.798360655737705  ,  6,  2, 608,  4
          25,          0.45,    0.8, 1.0               , 0.9                ,  8,  0, 610,  2
          25,          0.5 ,    0.6, 0.9983606557377049, 0.7991803278688525 ,  6,  1, 609,  4
          25,          0.55,    0.7, 1.0               , 0.85               ,  7,  0, 610,  3
          25,          0.6 ,    0.9, 1.0               , 0.95               ,  9,  0, 610,  1
          25,          0.65,    1.0, 1.0               , 1.0                , 10,  0, 610,  0
          25,          0.7 ,    1.0, 1.0               , 1.0                , 10,  0, 610,  0
          25,          0.75,    0.9, 0.9983606557377049, 0.9491803278688524 ,  9,  1, 609,  1
          25,          0.8 ,    0.9, 1.0               , 0.95               ,  9,  0, 610,  1
          25,          0.85,    1.0, 1.0               , 1.0                , 10,  0, 610,  0
          25,          0.9 ,    1.0, 1.0               , 1.0                , 10,  0, 610,  0
          25,          0.95,    1.0, 1.0               , 1.0                , 10,  0, 610,  0
          25,          1.0 ,    1.0, 1.0               , 1.0                , 10,  0, 610,  0
          26,          0.1 ,    0.6, 1.0               , 0.8                ,  6,  0, 610,  4
          26,          0.15,    0.6, 1.0               , 0.8                ,  6,  0, 610,  4
          26,          0.2 ,    0.7, 0.9983606557377049, 0.8491803278688524 ,  7,  1, 609,  3
          26,          0.25,    0.8, 1.0               , 0.9                ,  8,  0, 610,  2
          26,          0.3 ,    0.9, 1.0               , 0.95               ,  9,  0, 610,  1
          26,          0.35,    0.8, 1.0               , 0.9                ,  8,  0, 610,  2
          26,          0.4 ,    0.8, 0.9983606557377049, 0.8991803278688525 ,  8,  1, 609,  2
          26,          0.45,    0.6, 0.9983606557377049, 0.7991803278688525 ,  6,  1, 609,  4
          26,          0.5 ,    0.9, 1.0               , 0.95               ,  9,  0, 610,  1
          26,          0.55,    0.7, 0.9983606557377049, 0.8491803278688524 ,  7,  1, 609,  3
          26,          0.6 ,    0.7, 0.9967213114754099, 0.8483606557377049 ,  7,  2, 608,  3
          26,          0.65,    0.8, 0.9983606557377049, 0.8991803278688525 ,  8,  1, 609,  2
          26,          0.7 ,    1.0, 1.0               , 1.0                , 10,  0, 610,  0
          26,          0.75,    0.9, 0.9983606557377049, 0.9491803278688524 ,  9,  1, 609,  1
          26,          0.8 ,    1.0, 1.0               , 1.0                , 10,  0, 610,  0
          26,          0.85,    1.0, 1.0               , 1.0                , 10,  0, 610,  0
          26,          0.9 ,    0.9, 0.9983606557377049, 0.9491803278688524 ,  9,  1, 609,  1
          26,          0.95,    0.9, 0.9983606557377049, 0.9491803278688524 ,  9,  1, 609,  1
          26,          1.0 ,    1.0, 1.0               , 1.0                , 10,  0, 610,  0
          27,          0.1 ,    0.5, 1.0               , 0.75               ,  5,  0, 610,  5
          27,          0.15,    0.7, 1.0               , 0.85               ,  7,  0, 610,  3
          27,          0.2 ,    0.6, 1.0               , 0.8                ,  6,  0, 610,  4
          27,          0.25,    0.9, 1.0               , 0.95               ,  9,  0, 610,  1
          27,          0.3 ,    0.6, 1.0               , 0.8                ,  6,  0, 610,  4
          27,          0.35,    0.7, 0.9983606557377049, 0.8491803278688524 ,  7,  1, 609,  3
          27,          0.4 ,    0.8, 1.0               , 0.9                ,  8,  0, 610,  2
          27,          0.45,    0.9, 1.0               , 0.95               ,  9,  0, 610,  1
          27,          0.5 ,    0.9, 1.0               , 0.95               ,  9,  0, 610,  1
          27,          0.55,    0.9, 1.0               , 0.95               ,  9,  0, 610,  1
          27,          0.6 ,    0.8, 1.0               , 0.9                ,  8,  0, 610,  2
          27,          0.65,    0.9, 1.0               , 0.95               ,  9,  0, 610,  1
          27,          0.7 ,    0.9, 0.9983606557377049, 0.9491803278688524 ,  9,  1, 609,  1
          27,          0.75,    1.0, 1.0               , 1.0                , 10,  0, 610,  0
          27,          0.8 ,    1.0, 1.0               , 1.0                , 10,  0, 610,  0
          27,          0.85,    1.0, 1.0               , 1.0                , 10,  0, 610,  0
          27,          0.9 ,    1.0, 1.0               , 1.0                , 10,  0, 610,  0
          27,          0.95,    0.9, 0.9983606557377049, 0.9491803278688524 ,  9,  1, 609,  1
          27,          1.0 ,    1.0, 1.0               , 1.0                , 10,  0, 610,  0
          28,          0.1 ,    0.6, 1.0               , 0.8                ,  6,  0, 610,  4
          28,          0.15,    0.7, 1.0               , 0.85               ,  7,  0, 610,  3
          28,          0.2 ,    0.7, 1.0               , 0.85               ,  7,  0, 610,  3
          28,          0.25,    0.5, 0.9983606557377049, 0.7491803278688525 ,  5,  1, 609,  5
          28,          0.3 ,    0.6, 0.9983606557377049, 0.7991803278688525 ,  6,  1, 609,  4
          28,          0.35,    0.6, 0.9983606557377049, 0.7991803278688525 ,  6,  1, 609,  4
          28,          0.4 ,    0.7, 1.0               , 0.85               ,  7,  0, 610,  3
          28,          0.45,    0.6, 0.9983606557377049, 0.7991803278688525 ,  6,  1, 609,  4
          28,          0.5 ,    0.6, 0.9983606557377049, 0.7991803278688525 ,  6,  1, 609,  4
          28,          0.55,    0.8, 1.0               , 0.9                ,  8,  0, 610,  2
          28,          0.6 ,    0.8, 1.0               , 0.9                ,  8,  0, 610,  2
          28,          0.65,    0.7, 0.9983606557377049, 0.8491803278688524 ,  7,  1, 609,  3
          28,          0.7 ,    0.9, 0.9983606557377049, 0.9491803278688524 ,  9,  1, 609,  1
          28,          0.75,    0.9, 1.0               , 0.95               ,  9,  0, 610,  1
          28,          0.8 ,    0.9, 0.9983606557377049, 0.9491803278688524 ,  9,  1, 609,  1
          28,          0.85,    0.9, 0.9983606557377049, 0.9491803278688524 ,  9,  1, 609,  1
          28,          0.9 ,    0.8, 0.9983606557377049, 0.8991803278688525 ,  8,  1, 609,  2
          28,          0.95,    0.9, 0.9983606557377049, 0.9491803278688524 ,  9,  1, 609,  1
          28,          1.0 ,    0.9, 1.0               , 0.95               ,  9,  0, 610,  1
          29,          0.1 ,    0.1, 1.0               , 0.55               ,  1,  0, 610,  9
          29,          0.15,    0.1, 1.0               , 0.55               ,  1,  0, 610,  9
          29,          0.2 ,    0.2, 1.0               , 0.6                ,  2,  0, 610,  8
          29,          0.25,    0.1, 1.0               , 0.55               ,  1,  0, 610,  9
          29,          0.3 ,    0.3, 1.0               , 0.65               ,  3,  0, 610,  7
          29,          0.35,    0.3, 1.0               , 0.65               ,  3,  0, 610,  7
          29,          0.4 ,    0.7, 0.9983606557377049, 0.8491803278688524 ,  7,  1, 609,  3
          29,          0.45,    0.7, 0.9983606557377049, 0.8491803278688524 ,  7,  1, 609,  3
          29,          0.5 ,    0.8, 1.0               , 0.9                ,  8,  0, 610,  2
          29,          0.55,    0.7, 0.9983606557377049, 0.8491803278688524 ,  7,  1, 609,  3
          29,          0.6 ,    0.8, 1.0               , 0.9                ,  8,  0, 610,  2
          29,          0.65,    0.9, 1.0               , 0.95               ,  9,  0, 610,  1
          29,          0.7 ,    0.7, 0.9983606557377049, 0.8491803278688524 ,  7,  1, 609,  3
          29,          0.75,    0.8, 0.9983606557377049, 0.8991803278688525 ,  8,  1, 609,  2
          29,          0.8 ,    0.8, 0.9983606557377049, 0.8991803278688525 ,  8,  1, 609,  2
          29,          0.85,    0.8, 0.9983606557377049, 0.8991803278688525 ,  8,  1, 609,  2
          29,          0.9 ,    0.7, 0.9967213114754099, 0.8483606557377049 ,  7,  2, 608,  3
          29,          0.95,    0.9, 1.0               , 0.95               ,  9,  0, 610,  1
          29,          1.0 ,    0.8, 0.9983606557377049, 0.8991803278688525 ,  8,  1, 609,  2
          30,          0.1 ,    0.7, 1.0               , 0.85               ,  7,  0, 610,  3
          30,          0.15,    0.8, 1.0               , 0.9                ,  8,  0, 610,  2
          30,          0.2 ,    0.7, 0.9983606557377049, 0.8491803278688524 ,  7,  1, 609,  3
          30,          0.25,    0.8, 0.9983606557377049, 0.8991803278688525 ,  8,  1, 609,  2
          30,          0.3 ,    0.7, 0.9983606557377049, 0.8491803278688524 ,  7,  1, 609,  3
          30,          0.35,    0.9, 1.0               , 0.95               ,  9,  0, 610,  1
          30,          0.4 ,    0.8, 1.0               , 0.9                ,  8,  0, 610,  2
          30,          0.45,    0.8, 1.0               , 0.9                ,  8,  0, 610,  2
          30,          0.5 ,    0.9, 1.0               , 0.95               ,  9,  0, 610,  1
          30,          0.55,    0.8, 0.9983606557377049, 0.8991803278688525 ,  8,  1, 609,  2
          30,          0.6 ,    0.9, 1.0               , 0.95               ,  9,  0, 610,  1
          30,          0.65,    0.8, 0.9983606557377049, 0.8991803278688525 ,  8,  1, 609,  2
          30,          0.7 ,    0.9, 0.9983606557377049, 0.9491803278688524 ,  9,  1, 609,  1
          30,          0.75,    0.8, 0.9983606557377049, 0.8991803278688525 ,  8,  1, 609,  2
          30,          0.8 ,    0.8, 0.9967213114754099, 0.898360655737705  ,  8,  2, 608,  2
          30,          0.85,    0.8, 0.9967213114754099, 0.898360655737705  ,  8,  2, 608,  2
          30,          0.9 ,    0.9, 0.9983606557377049, 0.9491803278688524 ,  9,  1, 609,  1
          30,          0.95,    1.0, 1.0               , 1.0                , 10,  0, 610,  0
          30,          1.0 ,    1.0, 1.0               , 1.0                , 10,  0, 610,  0
          31,          0.1 ,    0.4, 0.9983606557377049, 0.6991803278688524 ,  4,  1, 609,  6
          31,          0.15,    0.5, 1.0               , 0.75               ,  5,  0, 610,  5
          31,          0.2 ,    0.6, 0.9983606557377049, 0.7991803278688525 ,  6,  1, 609,  4
          31,          0.25,    0.5, 0.9967213114754099, 0.7483606557377049 ,  5,  2, 608,  5
          31,          0.3 ,    0.7, 1.0               , 0.85               ,  7,  0, 610,  3
          31,          0.35,    0.7, 0.9983606557377049, 0.8491803278688524 ,  7,  1, 609,  3
          31,          0.4 ,    0.8, 0.9983606557377049, 0.8991803278688525 ,  8,  1, 609,  2
          31,          0.45,    1.0, 1.0               , 1.0                , 10,  0, 610,  0
          31,          0.5 ,    0.9, 1.0               , 0.95               ,  9,  0, 610,  1
          31,          0.55,    0.7, 0.9967213114754099, 0.8483606557377049 ,  7,  2, 608,  3
          31,          0.6 ,    0.9, 1.0               , 0.95               ,  9,  0, 610,  1
          31,          0.65,    0.9, 0.9983606557377049, 0.9491803278688524 ,  9,  1, 609,  1
          31,          0.7 ,    0.9, 0.9983606557377049, 0.9491803278688524 ,  9,  1, 609,  1
          31,          0.75,    1.0, 1.0               , 1.0                , 10,  0, 610,  0
          31,          0.8 ,    1.0, 1.0               , 1.0                , 10,  0, 610,  0
          31,          0.85,    1.0, 1.0               , 1.0                , 10,  0, 610,  0
          31,          0.9 ,    0.9, 0.9983606557377049, 0.9491803278688524 ,  9,  1, 609,  1
          31,          0.95,    0.9, 0.9983606557377049, 0.9491803278688524 ,  9,  1, 609,  1
          31,          1.0 ,    0.9, 0.9983606557377049, 0.9491803278688524 ,  9,  1, 609,  1
          32,          0.1 ,    0.7, 1.0               , 0.85               ,  7,  0, 610,  3
          32,          0.15,    0.7, 1.0               , 0.85               ,  7,  0, 610,  3
          32,          0.2 ,    0.7, 0.9967213114754099, 0.8483606557377049 ,  7,  2, 608,  3
          32,          0.25,    0.7, 0.9967213114754099, 0.8483606557377049 ,  7,  2, 608,  3
          32,          0.3 ,    0.8, 0.9967213114754099, 0.898360655737705  ,  8,  2, 608,  2
          32,          0.35,    0.9, 1.0               , 0.95               ,  9,  0, 610,  1
          32,          0.4 ,    0.9, 1.0               , 0.95               ,  9,  0, 610,  1
          32,          0.45,    0.8, 0.9983606557377049, 0.8991803278688525 ,  8,  1, 609,  2
          32,          0.5 ,    0.9, 1.0               , 0.95               ,  9,  0, 610,  1
          32,          0.55,    0.9, 1.0               , 0.95               ,  9,  0, 610,  1
          32,          0.6 ,    0.9, 0.9983606557377049, 0.9491803278688524 ,  9,  1, 609,  1
          32,          0.65,    1.0, 1.0               , 1.0                , 10,  0, 610,  0
          32,          0.7 ,    0.9, 0.9983606557377049, 0.9491803278688524 ,  9,  1, 609,  1
          32,          0.75,    0.9, 0.9983606557377049, 0.9491803278688524 ,  9,  1, 609,  1
          32,          0.8 ,    0.9, 0.9983606557377049, 0.9491803278688524 ,  9,  1, 609,  1
          32,          0.85,    0.9, 0.9983606557377049, 0.9491803278688524 ,  9,  1, 609,  1
          32,          0.9 ,    1.0, 1.0               , 1.0                , 10,  0, 610,  0
          32,          0.95,    0.8, 0.9967213114754099, 0.898360655737705  ,  8,  2, 608,  2
          32,          1.0 ,    1.0, 1.0               , 1.0                , 10,  0, 610,  0
          33,          0.1 ,    0.7, 1.0               , 0.85               ,  7,  0, 610,  3
          33,          0.15,    0.7, 1.0               , 0.85               ,  7,  0, 610,  3
          33,          0.2 ,    0.8, 1.0               , 0.9                ,  8,  0, 610,  2
          33,          0.25,    0.8, 1.0               , 0.9                ,  8,  0, 610,  2
          33,          0.3 ,    0.9, 1.0               , 0.95               ,  9,  0, 610,  1
          33,          0.35,    0.9, 1.0               , 0.95               ,  9,  0, 610,  1
          33,          0.4 ,    0.9, 1.0               , 0.95               ,  9,  0, 610,  1
          33,          0.45,    1.0, 1.0               , 1.0                , 10,  0, 610,  0
          33,          0.5 ,    0.9, 1.0               , 0.95               ,  9,  0, 610,  1
          33,          0.55,    1.0, 1.0               , 1.0                , 10,  0, 610,  0
          33,          0.6 ,    0.9, 0.9983606557377049, 0.9491803278688524 ,  9,  1, 609,  1
          33,          0.65,    1.0, 1.0               , 1.0                , 10,  0, 610,  0
          33,          0.7 ,    1.0, 1.0               , 1.0                , 10,  0, 610,  0
          33,          0.75,    1.0, 1.0               , 1.0                , 10,  0, 610,  0
          33,          0.8 ,    1.0, 1.0               , 1.0                , 10,  0, 610,  0
          33,          0.85,    1.0, 1.0               , 1.0                , 10,  0, 610,  0
          33,          0.9 ,    1.0, 1.0               , 1.0                , 10,  0, 610,  0
          33,          0.95,    1.0, 1.0               , 1.0                , 10,  0, 610,  0
          33,          1.0 ,    1.0, 1.0               , 1.0                , 10,  0, 610,  0
          34,          0.1 ,    0.6, 1.0               , 0.8                ,  6,  0, 610,  4
          34,          0.15,    0.5, 0.9950819672131147, 0.7475409836065574 ,  5,  3, 607,  5
          34,          0.2 ,    0.7, 0.9983606557377049, 0.8491803278688524 ,  7,  1, 609,  3
          34,          0.25,    0.7, 0.9983606557377049, 0.8491803278688524 ,  7,  1, 609,  3
          34,          0.3 ,    0.8, 1.0               , 0.9                ,  8,  0, 610,  2
          34,          0.35,    0.9, 1.0               , 0.95               ,  9,  0, 610,  1
          34,          0.4 ,    0.8, 1.0               , 0.9                ,  8,  0, 610,  2
          34,          0.45,    0.8, 0.9983606557377049, 0.8991803278688525 ,  8,  1, 609,  2
          34,          0.5 ,    0.9, 1.0               , 0.95               ,  9,  0, 610,  1
          34,          0.55,    0.8, 1.0               , 0.9                ,  8,  0, 610,  2
          34,          0.6 ,    0.7, 0.9983606557377049, 0.8491803278688524 ,  7,  1, 609,  3
          34,          0.65,    0.9, 0.9983606557377049, 0.9491803278688524 ,  9,  1, 609,  1
          34,          0.7 ,    0.9, 0.9983606557377049, 0.9491803278688524 ,  9,  1, 609,  1
          34,          0.75,    0.9, 0.9983606557377049, 0.9491803278688524 ,  9,  1, 609,  1
          34,          0.8 ,    0.9, 0.9983606557377049, 0.9491803278688524 ,  9,  1, 609,  1
          34,          0.85,    0.9, 0.9983606557377049, 0.9491803278688524 ,  9,  1, 609,  1
          34,          0.9 ,    0.9, 0.9983606557377049, 0.9491803278688524 ,  9,  1, 609,  1
          34,          0.95,    0.9, 0.9983606557377049, 0.9491803278688524 ,  9,  1, 609,  1
          34,          1.0 ,    0.9, 0.9983606557377049, 0.9491803278688524 ,  9,  1, 609,  1
          35,          0.1 ,    0.5, 1.0               , 0.75               ,  5,  0, 610,  5
          35,          0.15,    0.3, 0.9983606557377049, 0.6491803278688525 ,  3,  1, 609,  7
          35,          0.2 ,    0.4, 1.0               , 0.7                ,  4,  0, 610,  6
          35,          0.25,    0.4, 0.9983606557377049, 0.6991803278688524 ,  4,  1, 609,  6
          35,          0.3 ,    0.6, 0.9983606557377049, 0.7991803278688525 ,  6,  1, 609,  4
          35,          0.35,    0.6, 0.9983606557377049, 0.7991803278688525 ,  6,  1, 609,  4
          35,          0.4 ,    0.7, 0.9983606557377049, 0.8491803278688524 ,  7,  1, 609,  3
          35,          0.45,    0.8, 0.9983606557377049, 0.8991803278688525 ,  8,  1, 609,  2
          35,          0.5 ,    0.9, 1.0               , 0.95               ,  9,  0, 610,  1
          35,          0.55,    0.8, 0.9983606557377049, 0.8991803278688525 ,  8,  1, 609,  2
          35,          0.6 ,    0.8, 0.9983606557377049, 0.8991803278688525 ,  8,  1, 609,  2
          35,          0.65,    0.9, 0.9983606557377049, 0.9491803278688524 ,  9,  1, 609,  1
          35,          0.7 ,    0.8, 0.9983606557377049, 0.8991803278688525 ,  8,  1, 609,  2
          35,          0.75,    0.9, 0.9983606557377049, 0.9491803278688524 ,  9,  1, 609,  1
          35,          0.8 ,    0.9, 0.9983606557377049, 0.9491803278688524 ,  9,  1, 609,  1
          35,          0.85,    0.8, 0.9983606557377049, 0.8991803278688525 ,  8,  1, 609,  2
          35,          0.9 ,    0.9, 0.9983606557377049, 0.9491803278688524 ,  9,  1, 609,  1
          35,          0.95,    0.9, 0.9983606557377049, 0.9491803278688524 ,  9,  1, 609,  1
          35,          1.0 ,    0.9, 0.9983606557377049, 0.9491803278688524 ,  9,  1, 609,  1
          36,          0.1 ,    0.6, 1.0               , 0.8                ,  6,  0, 610,  4
          36,          0.15,    0.7, 1.0               , 0.85               ,  7,  0, 610,  3
          36,          0.2 ,    0.8, 1.0               , 0.9                ,  8,  0, 610,  2
          36,          0.25,    0.6, 0.9983606557377049, 0.7991803278688525 ,  6,  1, 609,  4
          36,          0.3 ,    0.8, 0.9983606557377049, 0.8991803278688525 ,  8,  1, 609,  2
          36,          0.35,    0.9, 1.0               , 0.95               ,  9,  0, 610,  1
          36,          0.4 ,    0.8, 0.9983606557377049, 0.8991803278688525 ,  8,  1, 609,  2
          36,          0.45,    0.8, 0.9983606557377049, 0.8991803278688525 ,  8,  1, 609,  2
          36,          0.5 ,    0.8, 0.9983606557377049, 0.8991803278688525 ,  8,  1, 609,  2
          36,          0.55,    0.8, 0.9983606557377049, 0.8991803278688525 ,  8,  1, 609,  2
          36,          0.6 ,    0.8, 0.9983606557377049, 0.8991803278688525 ,  8,  1, 609,  2
          36,          0.65,    0.9, 0.9983606557377049, 0.9491803278688524 ,  9,  1, 609,  1
          36,          0.7 ,    0.9, 0.9983606557377049, 0.9491803278688524 ,  9,  1, 609,  1
          36,          0.75,    0.9, 0.9983606557377049, 0.9491803278688524 ,  9,  1, 609,  1
          36,          0.8 ,    0.9, 0.9983606557377049, 0.9491803278688524 ,  9,  1, 609,  1
          36,          0.85,    0.9, 0.9983606557377049, 0.9491803278688524 ,  9,  1, 609,  1
          36,          0.9 ,    0.9, 0.9983606557377049, 0.9491803278688524 ,  9,  1, 609,  1
          36,          0.95,    0.9, 0.9983606557377049, 0.9491803278688524 ,  9,  1, 609,  1
          36,          1.0 ,    0.9, 0.9983606557377049, 0.9491803278688524 ,  9,  1, 609,  1
          37,          0.1 ,    0.5, 1.0               , 0.75               ,  5,  0, 610,  5
          37,          0.15,    0.4, 1.0               , 0.7                ,  4,  0, 610,  6
          37,          0.2 ,    0.3, 0.9983606557377049, 0.6491803278688525 ,  3,  1, 609,  7
          37,          0.25,    0.4, 0.9983606557377049, 0.6991803278688524 ,  4,  1, 609,  6
          37,          0.3 ,    0.4, 0.9983606557377049, 0.6991803278688524 ,  4,  1, 609,  6
          37,          0.35,    0.5, 1.0               , 0.75               ,  5,  0, 610,  5
          37,          0.4 ,    0.5, 0.9983606557377049, 0.7491803278688525 ,  5,  1, 609,  5
          37,          0.45,    0.7, 1.0               , 0.85               ,  7,  0, 610,  3
          37,          0.5 ,    0.7, 0.9983606557377049, 0.8491803278688524 ,  7,  1, 609,  3
          37,          0.55,    0.7, 1.0               , 0.85               ,  7,  0, 610,  3
          37,          0.6 ,    0.8, 1.0               , 0.9                ,  8,  0, 610,  2
          37,          0.65,    0.8, 0.9983606557377049, 0.8991803278688525 ,  8,  1, 609,  2
          37,          0.7 ,    0.7, 0.9967213114754099, 0.8483606557377049 ,  7,  2, 608,  3
          37,          0.75,    0.9, 1.0               , 0.95               ,  9,  0, 610,  1
          37,          0.8 ,    0.9, 1.0               , 0.95               ,  9,  0, 610,  1
          37,          0.85,    0.9, 1.0               , 0.95               ,  9,  0, 610,  1
          37,          0.9 ,    0.8, 0.9983606557377049, 0.8991803278688525 ,  8,  1, 609,  2
          37,          0.95,    0.8, 0.9983606557377049, 0.8991803278688525 ,  8,  1, 609,  2
          37,          1.0 ,    0.9, 1.0               , 0.95               ,  9,  0, 610,  1
          38,          0.1 ,    0.4, 1.0               , 0.7                ,  4,  0, 610,  6
          38,          0.15,    0.6, 1.0               , 0.8                ,  6,  0, 610,  4
          38,          0.2 ,    0.7, 1.0               , 0.85               ,  7,  0, 610,  3
          38,          0.25,    0.7, 1.0               , 0.85               ,  7,  0, 610,  3
          38,          0.3 ,    0.7, 1.0               , 0.85               ,  7,  0, 610,  3
          38,          0.35,    0.7, 1.0               , 0.85               ,  7,  0, 610,  3
          38,          0.4 ,    0.8, 1.0               , 0.9                ,  8,  0, 610,  2
          38,          0.45,    0.7, 1.0               , 0.85               ,  7,  0, 610,  3
          38,          0.5 ,    0.7, 1.0               , 0.85               ,  7,  0, 610,  3
          38,          0.55,    0.8, 1.0               , 0.9                ,  8,  0, 610,  2
          38,          0.6 ,    0.9, 1.0               , 0.95               ,  9,  0, 610,  1
          38,          0.65,    0.9, 1.0               , 0.95               ,  9,  0, 610,  1
          38,          0.7 ,    0.9, 1.0               , 0.95               ,  9,  0, 610,  1
          38,          0.75,    0.9, 1.0               , 0.95               ,  9,  0, 610,  1
          38,          0.8 ,    0.9, 1.0               , 0.95               ,  9,  0, 610,  1
          38,          0.85,    0.9, 1.0               , 0.95               ,  9,  0, 610,  1
          38,          0.9 ,    0.9, 1.0               , 0.95               ,  9,  0, 610,  1
          38,          0.95,    0.9, 1.0               , 0.95               ,  9,  0, 610,  1
          38,          1.0 ,    0.9, 1.0               , 0.95               ,  9,  0, 610,  1
          39,          0.1 ,    0.6, 1.0               , 0.8                ,  6,  0, 610,  4
          39,          0.15,    0.6, 0.9983606557377049, 0.7991803278688525 ,  6,  1, 609,  4
          39,          0.2 ,    0.7, 1.0               , 0.85               ,  7,  0, 610,  3
          39,          0.25,    0.7, 1.0               , 0.85               ,  7,  0, 610,  3
          39,          0.3 ,    0.8, 1.0               , 0.9                ,  8,  0, 610,  2
          39,          0.35,    0.7, 1.0               , 0.85               ,  7,  0, 610,  3
          39,          0.4 ,    0.8, 1.0               , 0.9                ,  8,  0, 610,  2
          39,          0.45,    0.8, 1.0               , 0.9                ,  8,  0, 610,  2
          39,          0.5 ,    0.7, 1.0               , 0.85               ,  7,  0, 610,  3
          39,          0.55,    0.8, 1.0               , 0.9                ,  8,  0, 610,  2
          39,          0.6 ,    0.8, 1.0               , 0.9                ,  8,  0, 610,  2
          39,          0.65,    0.9, 1.0               , 0.95               ,  9,  0, 610,  1
          39,          0.7 ,    0.9, 1.0               , 0.95               ,  9,  0, 610,  1
          39,          0.75,    0.9, 1.0               , 0.95               ,  9,  0, 610,  1
          39,          0.8 ,    0.9, 1.0               , 0.95               ,  9,  0, 610,  1
          39,          0.85,    0.9, 1.0               , 0.95               ,  9,  0, 610,  1
          39,          0.9 ,    0.9, 1.0               , 0.95               ,  9,  0, 610,  1
          39,          0.95,    0.9, 1.0               , 0.95               ,  9,  0, 610,  1
          39,          1.0 ,    0.9, 1.0               , 0.95               ,  9,  0, 610,  1
          40,          0.1 ,    0.5, 1.0               , 0.75               ,  5,  0, 610,  5
          40,          0.15,    0.7, 1.0               , 0.85               ,  7,  0, 610,  3
          40,          0.2 ,    0.6, 1.0               , 0.8                ,  6,  0, 610,  4
          40,          0.25,    0.7, 1.0               , 0.85               ,  7,  0, 610,  3
          40,          0.3 ,    0.6, 1.0               , 0.8                ,  6,  0, 610,  4
          40,          0.35,    0.5, 1.0               , 0.75               ,  5,  0, 610,  5
          40,          0.4 ,    0.7, 1.0               , 0.85               ,  7,  0, 610,  3
          40,          0.45,    0.6, 1.0               , 0.8                ,  6,  0, 610,  4
          40,          0.5 ,    0.8, 1.0               , 0.9                ,  8,  0, 610,  2
          40,          0.55,    0.6, 1.0               , 0.8                ,  6,  0, 610,  4
          40,          0.6 ,    0.7, 1.0               , 0.85               ,  7,  0, 610,  3
          40,          0.65,    0.8, 1.0               , 0.9                ,  8,  0, 610,  2
          40,          0.7 ,    0.7, 1.0               , 0.85               ,  7,  0, 610,  3
          40,          0.75,    0.7, 0.9983606557377049, 0.8491803278688524 ,  7,  1, 609,  3
          40,          0.8 ,    0.7, 0.9983606557377049, 0.8491803278688524 ,  7,  1, 609,  3
          40,          0.85,    0.7, 1.0               , 0.85               ,  7,  0, 610,  3
          40,          0.9 ,    0.7, 1.0               , 0.85               ,  7,  0, 610,  3
          40,          0.95,    0.8, 0.9983606557377049, 0.8991803278688525 ,  8,  1, 609,  2
          40,          1.0 ,    0.7, 0.9983606557377049, 0.8491803278688524 ,  7,  1, 609,  3
          41,          0.1 ,    0.6, 1.0               , 0.8                ,  6,  0, 610,  4
          41,          0.15,    0.6, 0.9983606557377049, 0.7991803278688525 ,  6,  1, 609,  4
          41,          0.2 ,    0.7, 0.9983606557377049, 0.8491803278688524 ,  7,  1, 609,  3
          41,          0.25,    0.8, 1.0               , 0.9                ,  8,  0, 610,  2
          41,          0.3 ,    0.8, 0.9983606557377049, 0.8991803278688525 ,  8,  1, 609,  2
          41,          0.35,    0.5, 0.9967213114754099, 0.7483606557377049 ,  5,  2, 608,  5
          41,          0.4 ,    0.9, 1.0               , 0.95               ,  9,  0, 610,  1
          41,          0.45,    0.9, 1.0               , 0.95               ,  9,  0, 610,  1
          41,          0.5 ,    1.0, 1.0               , 1.0                , 10,  0, 610,  0
          41,          0.55,    0.8, 0.9983606557377049, 0.8991803278688525 ,  8,  1, 609,  2
          41,          0.6 ,    1.0, 1.0               , 1.0                , 10,  0, 610,  0
          41,          0.65,    1.0, 1.0               , 1.0                , 10,  0, 610,  0
          41,          0.7 ,    1.0, 1.0               , 1.0                , 10,  0, 610,  0
          41,          0.75,    1.0, 1.0               , 1.0                , 10,  0, 610,  0
          41,          0.8 ,    1.0, 1.0               , 1.0                , 10,  0, 610,  0
          41,          0.85,    1.0, 1.0               , 1.0                , 10,  0, 610,  0
          41,          0.9 ,    1.0, 1.0               , 1.0                , 10,  0, 610,  0
          41,          0.95,    1.0, 1.0               , 1.0                , 10,  0, 610,  0
          41,          1.0 ,    1.0, 1.0               , 1.0                , 10,  0, 610,  0
          42,          0.1 ,    0.8, 1.0               , 0.9                ,  8,  0, 610,  2
          42,          0.15,    0.8, 1.0               , 0.9                ,  8,  0, 610,  2
          42,          0.2 ,    0.7, 1.0               , 0.85               ,  7,  0, 610,  3
          42,          0.25,    0.6, 1.0               , 0.8                ,  6,  0, 610,  4
          42,          0.3 ,    0.9, 1.0               , 0.95               ,  9,  0, 610,  1
          42,          0.35,    0.9, 0.9983606557377049, 0.9491803278688524 ,  9,  1, 609,  1
          42,          0.4 ,    0.9, 0.9983606557377049, 0.9491803278688524 ,  9,  1, 609,  1
          42,          0.45,    0.9, 1.0               , 0.95               ,  9,  0, 610,  1
          42,          0.5 ,    0.8, 0.9983606557377049, 0.8991803278688525 ,  8,  1, 609,  2
          42,          0.55,    0.9, 0.9983606557377049, 0.9491803278688524 ,  9,  1, 609,  1
          42,          0.6 ,    0.9, 0.9983606557377049, 0.9491803278688524 ,  9,  1, 609,  1
          42,          0.65,    0.9, 0.9983606557377049, 0.9491803278688524 ,  9,  1, 609,  1
          42,          0.7 ,    1.0, 1.0               , 1.0                , 10,  0, 610,  0
          42,          0.75,    0.9, 0.9983606557377049, 0.9491803278688524 ,  9,  1, 609,  1
          42,          0.8 ,    0.9, 0.9983606557377049, 0.9491803278688524 ,  9,  1, 609,  1
          42,          0.85,    0.9, 0.9983606557377049, 0.9491803278688524 ,  9,  1, 609,  1
          42,          0.9 ,    0.9, 0.9983606557377049, 0.9491803278688524 ,  9,  1, 609,  1
          42,          0.95,    0.9, 0.9983606557377049, 0.9491803278688524 ,  9,  1, 609,  1
          42,          1.0 ,    1.0, 1.0               , 1.0                , 10,  0, 610,  0
          43,          0.1 ,    0.6, 1.0               , 0.8                ,  6,  0, 610,  4
          43,          0.15,    0.5, 1.0               , 0.75               ,  5,  0, 610,  5
          43,          0.2 ,    0.7, 0.9983606557377049, 0.8491803278688524 ,  7,  1, 609,  3
          43,          0.25,    0.6, 1.0               , 0.8                ,  6,  0, 610,  4
          43,          0.3 ,    0.5, 0.9967213114754099, 0.7483606557377049 ,  5,  2, 608,  5
          43,          0.35,    0.6, 0.9983606557377049, 0.7991803278688525 ,  6,  1, 609,  4
          43,          0.4 ,    0.6, 0.9983606557377049, 0.7991803278688525 ,  6,  1, 609,  4
          43,          0.45,    0.6, 0.9967213114754099, 0.798360655737705  ,  6,  2, 608,  4
          43,          0.5 ,    0.7, 0.9983606557377049, 0.8491803278688524 ,  7,  1, 609,  3
          43,          0.55,    0.7, 0.9983606557377049, 0.8491803278688524 ,  7,  1, 609,  3
          43,          0.6 ,    0.8, 0.9983606557377049, 0.8991803278688525 ,  8,  1, 609,  2
          43,          0.65,    0.7, 0.9983606557377049, 0.8491803278688524 ,  7,  1, 609,  3
          43,          0.7 ,    0.9, 0.9983606557377049, 0.9491803278688524 ,  9,  1, 609,  1
          43,          0.75,    0.8, 0.9967213114754099, 0.898360655737705  ,  8,  2, 608,  2
          43,          0.8 ,    0.9, 0.9983606557377049, 0.9491803278688524 ,  9,  1, 609,  1
          43,          0.85,    0.9, 0.9983606557377049, 0.9491803278688524 ,  9,  1, 609,  1
          43,          0.9 ,    0.8, 0.9967213114754099, 0.898360655737705  ,  8,  2, 608,  2
          43,          0.95,    0.9, 0.9983606557377049, 0.9491803278688524 ,  9,  1, 609,  1
          43,          1.0 ,    0.9, 0.9983606557377049, 0.9491803278688524 ,  9,  1, 609,  1
          44,          0.1 ,    0.8, 1.0               , 0.9                ,  8,  0, 610,  2
          44,          0.15,    0.8, 1.0               , 0.9                ,  8,  0, 610,  2
          44,          0.2 ,    0.6, 0.9983606557377049, 0.7991803278688525 ,  6,  1, 609,  4
          44,          0.25,    0.8, 1.0               , 0.9                ,  8,  0, 610,  2
          44,          0.3 ,    0.9, 0.9983606557377049, 0.9491803278688524 ,  9,  1, 609,  1
          44,          0.35,    0.8, 0.9983606557377049, 0.8991803278688525 ,  8,  1, 609,  2
          44,          0.4 ,    0.8, 0.9983606557377049, 0.8991803278688525 ,  8,  1, 609,  2
          44,          0.45,    0.9, 0.9983606557377049, 0.9491803278688524 ,  9,  1, 609,  1
          44,          0.5 ,    0.8, 0.9983606557377049, 0.8991803278688525 ,  8,  1, 609,  2
          44,          0.55,    0.7, 0.9983606557377049, 0.8491803278688524 ,  7,  1, 609,  3
          44,          0.6 ,    0.9, 0.9983606557377049, 0.9491803278688524 ,  9,  1, 609,  1
          44,          0.65,    0.9, 0.9983606557377049, 0.9491803278688524 ,  9,  1, 609,  1
          44,          0.7 ,    0.9, 0.9983606557377049, 0.9491803278688524 ,  9,  1, 609,  1
          44,          0.75,    0.9, 0.9983606557377049, 0.9491803278688524 ,  9,  1, 609,  1
          44,          0.8 ,    0.8, 0.9967213114754099, 0.898360655737705  ,  8,  2, 608,  2
          44,          0.85,    0.9, 0.9983606557377049, 0.9491803278688524 ,  9,  1, 609,  1
          44,          0.9 ,    0.9, 0.9983606557377049, 0.9491803278688524 ,  9,  1, 609,  1
          44,          0.95,    0.9, 0.9983606557377049, 0.9491803278688524 ,  9,  1, 609,  1
          44,          1.0 ,    0.9, 0.9983606557377049, 0.9491803278688524 ,  9,  1, 609,  1
          45,          0.1 ,    0.5, 1.0               , 0.75               ,  5,  0, 610,  5
          45,          0.15,    0.4, 1.0               , 0.7                ,  4,  0, 610,  6
          45,          0.2 ,    0.6, 0.9983606557377049, 0.7991803278688525 ,  6,  1, 609,  4
          45,          0.25,    0.5, 1.0               , 0.75               ,  5,  0, 610,  5
          45,          0.3 ,    0.6, 0.9983606557377049, 0.7991803278688525 ,  6,  1, 609,  4
          45,          0.35,    0.8, 0.9967213114754099, 0.898360655737705  ,  8,  2, 608,  2
          45,          0.4 ,    0.8, 0.9983606557377049, 0.8991803278688525 ,  8,  1, 609,  2
          45,          0.45,    0.7, 0.9983606557377049, 0.8491803278688524 ,  7,  1, 609,  3
          45,          0.5 ,    0.9, 0.9983606557377049, 0.9491803278688524 ,  9,  1, 609,  1
          45,          0.55,    0.9, 0.9983606557377049, 0.9491803278688524 ,  9,  1, 609,  1
          45,          0.6 ,    0.8, 0.9983606557377049, 0.8991803278688525 ,  8,  1, 609,  2
          45,          0.65,    0.9, 0.9983606557377049, 0.9491803278688524 ,  9,  1, 609,  1
          45,          0.7 ,    0.9, 0.9983606557377049, 0.9491803278688524 ,  9,  1, 609,  1
          45,          0.75,    0.9, 0.9983606557377049, 0.9491803278688524 ,  9,  1, 609,  1
          45,          0.8 ,    0.9, 0.9983606557377049, 0.9491803278688524 ,  9,  1, 609,  1
          45,          0.85,    0.9, 0.9983606557377049, 0.9491803278688524 ,  9,  1, 609,  1
          45,          0.9 ,    0.9, 0.9983606557377049, 0.9491803278688524 ,  9,  1, 609,  1
          45,          0.95,    0.9, 0.9983606557377049, 0.9491803278688524 ,  9,  1, 609,  1
          45,          1.0 ,    0.8, 0.9967213114754099, 0.898360655737705  ,  8,  2, 608,  2
          46,          0.1 ,    0.8, 1.0               , 0.9                ,  8,  0, 610,  2
          46,          0.15,    0.8, 1.0               , 0.9                ,  8,  0, 610,  2
          46,          0.2 ,    0.8, 1.0               , 0.9                ,  8,  0, 610,  2
          46,          0.25,    0.8, 0.9983606557377049, 0.8991803278688525 ,  8,  1, 609,  2
          46,          0.3 ,    0.7, 0.9983606557377049, 0.8491803278688524 ,  7,  1, 609,  3
          46,          0.35,    0.7, 0.9983606557377049, 0.8491803278688524 ,  7,  1, 609,  3
          46,          0.4 ,    0.7, 0.9983606557377049, 0.8491803278688524 ,  7,  1, 609,  3
          46,          0.45,    0.7, 0.9983606557377049, 0.8491803278688524 ,  7,  1, 609,  3
          46,          0.5 ,    0.7, 1.0               , 0.85               ,  7,  0, 610,  3
          46,          0.55,    0.8, 1.0               , 0.9                ,  8,  0, 610,  2
          46,          0.6 ,    0.8, 0.9983606557377049, 0.8991803278688525 ,  8,  1, 609,  2
          46,          0.65,    0.8, 0.9983606557377049, 0.8991803278688525 ,  8,  1, 609,  2
          46,          0.7 ,    0.8, 0.9983606557377049, 0.8991803278688525 ,  8,  1, 609,  2
          46,          0.75,    0.9, 1.0               , 0.95               ,  9,  0, 610,  1
          46,          0.8 ,    0.9, 1.0               , 0.95               ,  9,  0, 610,  1
          46,          0.85,    0.8, 0.9983606557377049, 0.8991803278688525 ,  8,  1, 609,  2
          46,          0.9 ,    0.8, 0.9983606557377049, 0.8991803278688525 ,  8,  1, 609,  2
          46,          0.95,    0.9, 1.0               , 0.95               ,  9,  0, 610,  1
          46,          1.0 ,    0.8, 0.9983606557377049, 0.8991803278688525 ,  8,  1, 609,  2
          47,          0.1 ,    0.7, 0.9983606557377049, 0.8491803278688524 ,  7,  1, 609,  3
          47,          0.15,    0.7, 0.9983606557377049, 0.8491803278688524 ,  7,  1, 609,  3
          47,          0.2 ,    0.8, 1.0               , 0.9                ,  8,  0, 610,  2
          47,          0.25,    0.8, 0.9983606557377049, 0.8991803278688525 ,  8,  1, 609,  2
          47,          0.3 ,    0.8, 0.9983606557377049, 0.8991803278688525 ,  8,  1, 609,  2
          47,          0.35,    0.9, 1.0               , 0.95               ,  9,  0, 610,  1
          47,          0.4 ,    0.8, 0.9983606557377049, 0.8991803278688525 ,  8,  1, 609,  2
          47,          0.45,    0.9, 1.0               , 0.95               ,  9,  0, 610,  1
          47,          0.5 ,    0.8, 0.9983606557377049, 0.8991803278688525 ,  8,  1, 609,  2
          47,          0.55,    0.8, 1.0               , 0.9                ,  8,  0, 610,  2
          47,          0.6 ,    0.8, 0.9983606557377049, 0.8991803278688525 ,  8,  1, 609,  2
          47,          0.65,    0.8, 0.9983606557377049, 0.8991803278688525 ,  8,  1, 609,  2
          47,          0.7 ,    1.0, 1.0               , 1.0                , 10,  0, 610,  0
          47,          0.75,    0.8, 0.9967213114754099, 0.898360655737705  ,  8,  2, 608,  2
          47,          0.8 ,    0.9, 0.9983606557377049, 0.9491803278688524 ,  9,  1, 609,  1
          47,          0.85,    0.9, 0.9983606557377049, 0.9491803278688524 ,  9,  1, 609,  1
          47,          0.9 ,    0.9, 0.9983606557377049, 0.9491803278688524 ,  9,  1, 609,  1
          47,          0.95,    0.9, 0.9983606557377049, 0.9491803278688524 ,  9,  1, 609,  1
          47,          1.0 ,    0.8, 0.9967213114754099, 0.898360655737705  ,  8,  2, 608,  2
          48,          0.1 ,    0.7, 0.9983606557377049, 0.8491803278688524 ,  7,  1, 609,  3
          48,          0.15,    0.7, 0.9983606557377049, 0.8491803278688524 ,  7,  1, 609,  3
          48,          0.2 ,    0.8, 0.9983606557377049, 0.8991803278688525 ,  8,  1, 609,  2
          48,          0.25,    0.7, 0.9967213114754099, 0.8483606557377049 ,  7,  2, 608,  3
          48,          0.3 ,    0.8, 0.9983606557377049, 0.8991803278688525 ,  8,  1, 609,  2
          48,          0.35,    0.7, 0.9983606557377049, 0.8491803278688524 ,  7,  1, 609,  3
          48,          0.4 ,    0.7, 0.9967213114754099, 0.8483606557377049 ,  7,  2, 608,  3
          48,          0.45,    0.8, 0.9983606557377049, 0.8991803278688525 ,  8,  1, 609,  2
          48,          0.5 ,    0.9, 0.9983606557377049, 0.9491803278688524 ,  9,  1, 609,  1
          48,          0.55,    0.8, 0.9967213114754099, 0.898360655737705  ,  8,  2, 608,  2
          48,          0.6 ,    0.8, 0.9983606557377049, 0.8991803278688525 ,  8,  1, 609,  2
          48,          0.65,    0.7, 0.9967213114754099, 0.8483606557377049 ,  7,  2, 608,  3
          48,          0.7 ,    0.9, 0.9983606557377049, 0.9491803278688524 ,  9,  1, 609,  1
          48,          0.75,    0.8, 0.9967213114754099, 0.898360655737705  ,  8,  2, 608,  2
          48,          0.8 ,    0.9, 0.9983606557377049, 0.9491803278688524 ,  9,  1, 609,  1
          48,          0.85,    0.9, 0.9983606557377049, 0.9491803278688524 ,  9,  1, 609,  1
          48,          0.9 ,    0.8, 0.9967213114754099, 0.898360655737705  ,  8,  2, 608,  2
          48,          0.95,    0.9, 0.9983606557377049, 0.9491803278688524 ,  9,  1, 609,  1
          48,          1.0 ,    0.8, 0.9967213114754099, 0.898360655737705  ,  8,  2, 608,  2
          49,          0.1 ,    0.7, 0.9983606557377049, 0.8491803278688524 ,  7,  1, 609,  3
          49,          0.15,    0.6, 1.0               , 0.8                ,  6,  0, 610,  4
          49,          0.2 ,    0.7, 0.9967213114754099, 0.8483606557377049 ,  7,  2, 608,  3
          49,          0.25,    0.5, 0.9983606557377049, 0.7491803278688525 ,  5,  1, 609,  5
          49,          0.3 ,    0.7, 0.9983606557377049, 0.8491803278688524 ,  7,  1, 609,  3
          49,          0.35,    0.7, 0.9983606557377049, 0.8491803278688524 ,  7,  1, 609,  3
          49,          0.4 ,    0.7, 0.9983606557377049, 0.8491803278688524 ,  7,  1, 609,  3
          49,          0.45,    0.7, 0.9983606557377049, 0.8491803278688524 ,  7,  1, 609,  3
          49,          0.5 ,    0.8, 1.0               , 0.9                ,  8,  0, 610,  2
          49,          0.55,    0.7, 0.9983606557377049, 0.8491803278688524 ,  7,  1, 609,  3
          49,          0.6 ,    0.7, 0.9983606557377049, 0.8491803278688524 ,  7,  1, 609,  3
          49,          0.65,    0.7, 0.9983606557377049, 0.8491803278688524 ,  7,  1, 609,  3
          49,          0.7 ,    0.8, 0.9983606557377049, 0.8991803278688525 ,  8,  1, 609,  2
          49,          0.75,    0.9, 0.9983606557377049, 0.9491803278688524 ,  9,  1, 609,  1
          49,          0.8 ,    0.9, 0.9983606557377049, 0.9491803278688524 ,  9,  1, 609,  1
          49,          0.85,    0.8, 0.9967213114754099, 0.898360655737705  ,  8,  2, 608,  2
          49,          0.9 ,    0.8, 0.9967213114754099, 0.898360655737705  ,  8,  2, 608,  2
          49,          0.95,    0.9, 0.9983606557377049, 0.9491803278688524 ,  9,  1, 609,  1
          49,          1.0 ,    0.8, 0.9967213114754099, 0.898360655737705  ,  8,  2, 608,  2
          50,          0.1 ,    0.3, 1.0               , 0.65               ,  3,  0, 610,  7
          50,          0.15,    0.4, 1.0               , 0.7                ,  4,  0, 610,  6
          50,          0.2 ,    0.6, 1.0               , 0.8                ,  6,  0, 610,  4
          50,          0.25,    0.5, 0.9983606557377049, 0.7491803278688525 ,  5,  1, 609,  5
          50,          0.3 ,    0.7, 1.0               , 0.85               ,  7,  0, 610,  3
          50,          0.35,    0.5, 0.9983606557377049, 0.7491803278688525 ,  5,  1, 609,  5
          50,          0.4 ,    0.7, 0.9983606557377049, 0.8491803278688524 ,  7,  1, 609,  3
          50,          0.45,    0.8, 1.0               , 0.9                ,  8,  0, 610,  2
          50,          0.5 ,    0.7, 0.9983606557377049, 0.8491803278688524 ,  7,  1, 609,  3
          50,          0.55,    0.8, 1.0               , 0.9                ,  8,  0, 610,  2
          50,          0.6 ,    0.8, 0.9983606557377049, 0.8991803278688525 ,  8,  1, 609,  2
          50,          0.65,    0.8, 0.9983606557377049, 0.8991803278688525 ,  8,  1, 609,  2
          50,          0.7 ,    0.8, 0.9983606557377049, 0.8991803278688525 ,  8,  1, 609,  2
          50,          0.75,    0.8, 0.9983606557377049, 0.8991803278688525 ,  8,  1, 609,  2
          50,          0.8 ,    0.8, 0.9983606557377049, 0.8991803278688525 ,  8,  1, 609,  2
          50,          0.85,    0.8, 0.9983606557377049, 0.8991803278688525 ,  8,  1, 609,  2
          50,          0.9 ,    0.9, 1.0               , 0.95               ,  9,  0, 610,  1
          50,          0.95,    0.7, 0.9967213114754099, 0.8483606557377049 ,  7,  2, 608,  3
          50,          1.0 ,    0.8, 0.9967213114754099, 0.898360655737705  ,  8,  2, 608,  2
