global_round,entropy_ratio,recall,specificity,precision,average_accuracy,f1_score,mcc,TP,FP,TN,FN
5,0.1,0.4,1.0,1.0,0.7,0.5714285714285715,0.6310337493465553,4,0,1330,6
5,0.15,0.6,1.0,1.0,0.8,0.7499999999999999,0.7734344830366855,6,0,1330,4
5,0.2,0.7,1.0,1.0,0.85,0.8235294117647058,0.8357180183240863,7,0,1330,3
5,0.25,0.7,1.0,1.0,0.85,0.8235294117647058,0.8357180183240863,7,0,1330,3
5,0.3,0.9,1.0,1.0,0.95,0.9473684210526316,0.9483268511853856,9,0,1330,1
5,0.35,0.9,1.0,1.0,0.95,0.9473684210526316,0.9483268511853856,9,0,1330,1
5,0.4,0.9,1.0,1.0,0.95,0.9473684210526316,0.9483268511853856,9,0,1330,1
5,0.45,0.9,1.0,1.0,0.95,0.9473684210526316,0.9483268511853856,9,0,1330,1
5,0.5,0.9,1.0,1.0,0.95,0.9473684210526316,0.9483268511853856,9,0,1330,1
5,0.55,0.9,1.0,1.0,0.95,0.9473684210526316,0.9483268511853856,9,0,1330,1
5,0.6,0.9,0.9984962406015038,0.8181818181818182,0.9492481203007519,0.8571428571428572,0.8570047948283871,9,2,1328,1
5,0.65,0.9,0.9969924812030075,0.6923076923076923,0.9484962406015038,0.7826086956521738,0.7876032246830574,9,4,1326,1
5,0.7,0.9,0.9984962406015038,0.8181818181818182,0.9492481203007519,0.8571428571428572,0.8570047948283871,9,2,1328,1
5,0.75,0.9,0.9977443609022556,0.75,0.9488721804511278,0.8181818181818182,0.8201416087217714,9,3,1327,1
5,0.8,0.9,0.9977443609022556,0.75,0.9488721804511278,0.8181818181818182,0.8201416087217714,9,3,1327,1
5,0.85,0.9,0.9977443609022556,0.75,0.9488721804511278,0.8181818181818182,0.8201416087217714,9,3,1327,1
5,0.9,0.9,0.9992481203007518,0.9,0.9496240601503759,0.9,0.8992481203007519,9,1,1329,1
5,0.95,0.9,0.9992481203007518,0.9,0.9496240601503759,0.9,0.8992481203007519,9,1,1329,1
5,1.0,0.9,0.9992481203007518,0.9,0.9496240601503759,0.9,0.8992481203007519,9,1,1329,1
10,0.1,0.3,1.0,1.0,0.65,0.4615384615384615,0.5462868471524166,3,0,1330,7
10,0.15,0.4,1.0,1.0,0.7,0.5714285714285715,0.6310337493465553,4,0,1330,6
10,0.2,0.5,1.0,1.0,0.75,0.6666666666666666,0.7057813689974891,5,0,1330,5
10,0.25,0.6,0.9992481203007518,0.8571428571428571,0.7996240601503759,0.7058823529411764,0.7154320736888258,6,1,1329,4
10,0.3,0.7,0.9992481203007518,0.875,0.849624060150376,0.7777777777777777,0.7811960202851314,7,1,1329,3
10,0.35,0.8,0.9992481203007518,0.8888888888888888,0.899624060150376,0.8421052631578948,0.8421649480451671,8,1,1329,2
10,0.4,0.8,0.9992481203007518,0.8888888888888888,0.899624060150376,0.8421052631578948,0.8421649480451671,8,1,1329,2
10,0.45,0.8,0.9992481203007518,0.8888888888888888,0.899624060150376,0.8421052631578948,0.8421649480451671,8,1,1329,2
10,0.5,0.8,0.9992481203007518,0.8888888888888888,0.899624060150376,0.8421052631578948,0.8421649480451671,8,1,1329,2
10,0.55,0.8,0.9992481203007518,0.8888888888888888,0.899624060150376,0.8421052631578948,0.8421649480451671,8,1,1329,2
10,0.6,0.8,0.9992481203007518,0.8888888888888888,0.899624060150376,0.8421052631578948,0.8421649480451671,8,1,1329,2
10,0.65,0.8,0.9992481203007518,0.8888888888888888,0.899624060150376,0.8421052631578948,0.8421649480451671,8,1,1329,2
10,0.7,0.8,0.9977443609022556,0.7272727272727273,0.8988721804511278,0.761904761904762,0.7609055123957479,8,3,1327,2
10,0.75,0.8,0.9977443609022556,0.7272727272727273,0.8988721804511278,0.761904761904762,0.7609055123957479,8,3,1327,2
10,0.8,0.8,0.9977443609022556,0.7272727272727273,0.8988721804511278,0.761904761904762,0.7609055123957479,8,3,1327,2
10,0.85,0.8,0.9969924812030075,0.6666666666666666,0.8984962406015038,0.7272727272727272,0.728098915615643,8,4,1326,2
10,0.9,0.8,0.9969924812030075,0.6666666666666666,0.8984962406015038,0.7272727272727272,0.728098915615643,8,4,1326,2
10,0.95,0.8,0.9969924812030075,0.6666666666666666,0.8984962406015038,0.7272727272727272,0.728098915615643,8,4,1326,2
10,1.0,0.8,0.9992481203007518,0.8888888888888888,0.899624060150376,0.8421052631578948,0.8421649480451671,8,1,1329,2
15,0.1,0.3,1.0,1.0,0.65,0.4615384615384615,0.5462868471524166,3,0,1330,7
15,0.15,0.5,1.0,1.0,0.75,0.6666666666666666,0.7057813689974891,5,0,1330,5
15,0.2,0.6,1.0,1.0,0.8,0.7499999999999999,0.7734344830366855,6,0,1330,4
15,0.25,0.9,1.0,1.0,0.95,0.9473684210526316,0.9483268511853856,9,0,1330,1
15,0.3,1.0,1.0,1.0,1.0,1.0,1.0,10,0,1330,0
15,0.35,1.0,1.0,1.0,1.0,1.0,1.0,10,0,1330,0
15,0.4,1.0,1.0,1.0,1.0,1.0,1.0,10,0,1330,0
15,0.45,1.0,0.9984962406015038,0.8333333333333334,0.9992481203007519,0.9090909090909091,0.9121843018278999,10,2,1328,0
15,0.5,1.0,0.9984962406015038,0.8333333333333334,0.9992481203007519,0.9090909090909091,0.9121843018278999,10,2,1328,0
15,0.55,1.0,0.9984962406015038,0.8333333333333334,0.9992481203007519,0.9090909090909091,0.9121843018278999,10,2,1328,0
15,0.6,1.0,0.9984962406015038,0.8333333333333334,0.9992481203007519,0.9090909090909091,0.9121843018278999,10,2,1328,0
15,0.65,1.0,0.9984962406015038,0.8333333333333334,0.9992481203007519,0.9090909090909091,0.9121843018278999,10,2,1328,0
15,0.7,1.0,0.9984962406015038,0.8333333333333334,0.9992481203007519,0.9090909090909091,0.9121843018278999,10,2,1328,0
15,0.75,1.0,0.9984962406015038,0.8333333333333334,0.9992481203007519,0.9090909090909091,0.9121843018278999,10,2,1328,0
15,0.8,1.0,0.9984962406015038,0.8333333333333334,0.9992481203007519,0.9090909090909091,0.9121843018278999,10,2,1328,0
15,0.85,1.0,0.9984962406015038,0.8333333333333334,0.9992481203007519,0.9090909090909091,0.9121843018278999,10,2,1328,0
15,0.9,1.0,0.9984962406015038,0.8333333333333334,0.9992481203007519,0.9090909090909091,0.9121843018278999,10,2,1328,0
15,0.95,1.0,0.9984962406015038,0.8333333333333334,0.9992481203007519,0.9090909090909091,0.9121843018278999,10,2,1328,0
15,1.0,1.0,0.9984962406015038,0.8333333333333334,0.9992481203007519,0.9090909090909091,0.9121843018278999,10,2,1328,0
20,0.1,0.5,1.0,1.0,0.75,0.6666666666666666,0.7057813689974891,5,0,1330,5
20,0.15,0.6,1.0,1.0,0.8,0.7499999999999999,0.7734344830366855,6,0,1330,4
20,0.2,0.7,1.0,1.0,0.85,0.8235294117647058,0.8357180183240863,7,0,1330,3
20,0.25,0.6,1.0,1.0,0.8,0.7499999999999999,0.7734344830366855,6,0,1330,4
20,0.3,0.9,1.0,1.0,0.95,0.9473684210526316,0.9483268511853856,9,0,1330,1
20,0.35,0.9,0.9984962406015038,0.8181818181818182,0.9492481203007519,0.8571428571428572,0.8570047948283871,9,2,1328,1
20,0.4,0.9,0.9984962406015038,0.8181818181818182,0.9492481203007519,0.8571428571428572,0.8570047948283871,9,2,1328,1
20,0.45,0.9,0.9984962406015038,0.8181818181818182,0.9492481203007519,0.8571428571428572,0.8570047948283871,9,2,1328,1
20,0.5,0.9,0.9992481203007518,0.9,0.9496240601503759,0.9,0.8992481203007519,9,1,1329,1
20,0.55,0.9,0.9977443609022556,0.75,0.9488721804511278,0.8181818181818182,0.8201416087217714,9,3,1327,1
20,0.6,0.9,0.9977443609022556,0.75,0.9488721804511278,0.8181818181818182,0.8201416087217714,9,3,1327,1
20,0.65,0.9,0.9977443609022556,0.75,0.9488721804511278,0.8181818181818182,0.8201416087217714,9,3,1327,1
20,0.7,0.9,0.9969924812030075,0.6923076923076923,0.9484962406015038,0.7826086956521738,0.7876032246830574,9,4,1326,1
20,0.75,0.9,0.9969924812030075,0.6923076923076923,0.9484962406015038,0.7826086956521738,0.7876032246830574,9,4,1326,1
20,0.8,0.9,0.9969924812030075,0.6923076923076923,0.9484962406015038,0.7826086956521738,0.7876032246830574,9,4,1326,1
20,0.85,0.9,0.9969924812030075,0.6923076923076923,0.9484962406015038,0.7826086956521738,0.7876032246830574,9,4,1326,1
20,0.9,0.9,0.9969924812030075,0.6923076923076923,0.9484962406015038,0.7826086956521738,0.7876032246830574,9,4,1326,1
20,0.95,0.9,0.9969924812030075,0.6923076923076923,0.9484962406015038,0.7826086956521738,0.7876032246830574,9,4,1326,1
20,1.0,0.9,0.9969924812030075,0.6923076923076923,0.9484962406015038,0.7826086956521738,0.7876032246830574,9,4,1326,1
25,0.1,0.5,1.0,1.0,0.75,0.6666666666666666,0.7057813689974891,5,0,1330,5
25,0.15,0.5,1.0,1.0,0.75,0.6666666666666666,0.7057813689974891,5,0,1330,5
25,0.2,0.7,1.0,1.0,0.85,0.8235294117647058,0.8357180183240863,7,0,1330,3
25,0.25,0.9,1.0,1.0,0.95,0.9473684210526316,0.9483268511853856,9,0,1330,1
25,0.3,1.0,0.9984962406015038,0.8333333333333334,0.9992481203007519,0.9090909090909091,0.9121843018278999,10,2,1328,0
25,0.35,0.9,1.0,1.0,0.95,0.9473684210526316,0.9483268511853856,9,0,1330,1
25,0.4,0.9,0.9984962406015038,0.8181818181818182,0.9492481203007519,0.8571428571428572,0.8570047948283871,9,2,1328,1
25,0.45,0.9,0.9984962406015038,0.8181818181818182,0.9492481203007519,0.8571428571428572,0.8570047948283871,9,2,1328,1
25,0.5,0.9,0.9984962406015038,0.8181818181818182,0.9492481203007519,0.8571428571428572,0.8570047948283871,9,2,1328,1
25,0.55,0.9,0.9984962406015038,0.8181818181818182,0.9492481203007519,0.8571428571428572,0.8570047948283871,9,2,1328,1
25,0.6,0.9,0.9984962406015038,0.8181818181818182,0.9492481203007519,0.8571428571428572,0.8570047948283871,9,2,1328,1
25,0.65,0.9,0.9984962406015038,0.8181818181818182,0.9492481203007519,0.8571428571428572,0.8570047948283871,9,2,1328,1
25,0.7,0.9,0.9984962406015038,0.8181818181818182,0.9492481203007519,0.8571428571428572,0.8570047948283871,9,2,1328,1
25,0.75,0.9,0.9984962406015038,0.8181818181818182,0.9492481203007519,0.8571428571428572,0.8570047948283871,9,2,1328,1
25,0.8,0.9,0.9984962406015038,0.8181818181818182,0.9492481203007519,0.8571428571428572,0.8570047948283871,9,2,1328,1
25,0.85,0.9,0.9984962406015038,0.8181818181818182,0.9492481203007519,0.8571428571428572,0.8570047948283871,9,2,1328,1
25,0.9,0.9,0.9984962406015038,0.8181818181818182,0.9492481203007519,0.8571428571428572,0.8570047948283871,9,2,1328,1
25,0.95,0.9,0.9984962406015038,0.8181818181818182,0.9492481203007519,0.8571428571428572,0.8570047948283871,9,2,1328,1
25,1.0,0.9,0.9984962406015038,0.8181818181818182,0.9492481203007519,0.8571428571428572,0.8570047948283871,9,2,1328,1
